"gRaw","tRaw","gVal","tVal","type","readTime","sensorTime","estDriftMin","estDriftMax","estTimeStamp","sensorID"
"2533","3596","22.770073","27.1174","0","1511859937","740340","0","0","1511859037","M000285DRH"
"2517","19896","22.60889","27.167799","0","1511859937","740340","0","0","1511859097","M000285DRH"
"2462","19820","22.054817","27.2134","0","1511859937","740340","0","0","1511859157","M000285DRH"
"34856","3402","18.287111","27.233799","0","1511859937","740340","0","0","1511859217","M000285DRH"
"34574","4194","15.446223","29.2162","0","1511859937","740340","0","0","1511859277","M000285DRH"
"1813","4964","15.516741","28.7542","0","1511859937","740340","0","0","1511859337","M000285DRH"
"2010","4388","17.501335","29.0998","1","1511859557","739980","0","0","1511829857","M000285DRH"
"2022","4632","17.622223","28.9534","0","1511859557","739980","0","0","1511858657","M000285DRH"
"2039","20896","17.793482","29.0254","0","1511859557","739980","0","0","1511858717","M000285DRH"
"1971","4388","17.108444","29.0998","0","1511859557","739980","0","0","1511858777","M000285DRH"
"34404","20666","13.73363","29.163399","0","1511859557","739980","0","0","1511858837","M000285DRH"
"33376","20702","3.377482","29.1418","0","1511859557","739980","0","0","1511858897","M000285DRH"
"33220","27698","1.8059262","22.486599","0","1511859557","739980","0","0","1511858957","M000285DRH"
"360","45660","0.87911123","23.997398","0","1511859214","739620","0","0","1511858314","M000285DRH"
"33081","63806","0.40562975","22.940199","0","1511859214","739620","0","0","1511858374","M000285DRH"
"320","14940","0.47614813","22.7686","0","1511859105","739500","0","0","1511858205","M000285DRH"
"183","64320","-0.904","22.6318","0","1511859105","739500","0","0","1511858265","M000285DRH"
"0","14846","-2.7475557","22.824999","0","1511859105","739500","0","0","1511858325","M000285DRH"
"918","9624","6.500445","23.500599","0","1511859105","739500","0","0","1511858385","M000285DRH"
"895","9808","6.2687416","23.3902","0","1511858869","739260","0","0","1511857969","M000285DRH"
"860","26464","5.916148","23.227","0","1511858869","739260","0","0","1511858029","M000285DRH"
"851","26820","5.825482","23.0134","0","1511858869","739260","0","0","1511858089","M000285DRH"
"720","9246","4.5057783","23.7274","1","1511858644","739020","0","0","1511828944","M000285DRH"
"720","9300","4.5057783","23.695","0","1511858644","739020","0","0","1511857744","M000285DRH"
"33055","9270","0.14370367","23.713","0","1511858644","739020","0","0","1511857804","M000285DRH"
"0","9246","-2.7475557","23.7274","0","1511858644","739020","0","0","1511857864","M000285DRH"
"32930","9098","-1.1155556","23.8162","0","1511858644","739020","0","0","1511857924","M000285DRH"
"209","8886","-0.64207417","23.9434","0","1511858434","738840","0","0","1511857534","M000285DRH"
"213","8742","-0.6017778","24.0298","0","1511858434","738840","0","0","1511857594","M000285DRH"
"204","9082","-0.69244444","23.8258","0","1511858434","738840","0","0","1511857654","M000285DRH"
"203","9070","-0.7025186","23.833","0","1511858434","738840","0","0","1511857714","M000285DRH"
"204","9070","-0.69244444","23.833","0","1511858434","738840","0","0","1511857774","M000285DRH"
"204","9062","-0.69244444","23.8378","0","1511858434","738840","0","0","1511857834","M000285DRH"
"203","9042","-0.7025186","23.8498","0","1511858434","738840","0","0","1511857894","M000285DRH"
"204","9018","-0.69244444","23.864199","0","1511858434","738840","0","0","1511857954","M000285DRH"
"203","9002","-0.7025186","23.873798","0","1511858434","738840","0","0","1511858014","M000285DRH"
"201","8930","-0.7226666","23.917","0","1511858434","738840","0","0","1511858074","M000285DRH"
"198","8686","-0.7528889","24.0634","0","1511858434","738840","0","0","1511858134","M000285DRH"
"0","57654","-2.7475557","24.1738","1","1511857770","738180","0","0","1511828070","M000285DRH"
"194","8474","-0.79318523","24.1906","0","1511857770","738180","0","0","1511856870","M000285DRH"
"0","8786","-2.7475557","24.003399","1","1511857678","738060","0","0","1511827978","M000285DRH"
"0","8674","-2.7475557","24.070599","1","1511857678","738060","0","0","1511828878","M000285DRH"
"0","9134","-2.7475557","23.7946","1","1511857678","738060","0","0","1511829778","M000285DRH"
"0","9110","-2.7475557","23.809","1","1511857678","738060","0","0","1511830678","M000285DRH"
"0","9278","-2.7475557","23.708199","1","1511857678","738060","0","0","1511831578","M000285DRH"
"0","9450","-2.7475557","23.605","1","1511857678","738060","0","0","1511832478","M000285DRH"
"0","9418","-2.7475557","23.624199","1","1511857678","738060","0","0","1511833378","M000285DRH"
"0","25770","-2.7475557","23.643398","1","1511857678","738060","0","0","1511834278","M000285DRH"
"0","25754","-2.7475557","23.653","1","1511857678","738060","0","0","1511835178","M000285DRH"
"0","25722","-2.7475557","23.6722","1","1511857678","738060","0","0","1511836078","M000285DRH"
"0","25738","-2.7475557","23.6626","1","1511857678","738060","0","0","1511836978","M000285DRH"
"0","9410","-2.7475557","23.629","1","1511857678","738060","0","0","1511837878","M000285DRH"
"0","9422","-2.7475557","23.6218","1","1511857678","738060","0","0","1511838778","M000285DRH"
"0","9402","-2.7475557","23.6338","1","1511857678","738060","0","0","1511839678","M000285DRH"
"0","9426","-2.7475557","23.6194","1","1511857678","738060","0","0","1511840578","M000285DRH"
"0","9438","-2.7475557","23.6122","1","1511857678","738060","0","0","1511841478","M000285DRH"
"0","25806","-2.7475557","23.6218","1","1511857678","738060","0","0","1511842378","M000285DRH"
"0","25754","-2.7475557","23.653","1","1511857678","738060","0","0","1511843278","M000285DRH"
"0","9298","-2.7475557","23.6962","1","1511857678","738060","0","0","1511844178","M000285DRH"
"0","25634","-2.7475557","23.724998","1","1511857678","738060","0","0","1511845078","M000285DRH"
"0","9134","-2.7475557","23.7946","1","1511857678","738060","0","0","1511845978","M000285DRH"
"0","8990","-2.7475557","23.881","1","1511857678","738060","0","0","1511846878","M000285DRH"
"0","9018","-2.7475557","23.864199","1","1511857678","738060","0","0","1511847778","M000285DRH"
"0","8554","-2.7475557","24.1426","1","1511857678","738060","0","0","1511848678","M000285DRH"
"156","8446","-1.176","24.2074","1","1511857678","738060","0","0","1511849578","M000285DRH"
"0","8602","-2.7475557","24.1138","1","1511857678","738060","0","0","1511850478","M000285DRH"
"0","8690","-2.7475557","24.060999","1","1511857678","738060","0","0","1511851378","M000285DRH"
"0","8914","-2.7475557","23.9266","1","1511857678","738060","0","0","1511852278","M000285DRH"
"0","9106","-2.7475557","23.8114","1","1511857678","738060","0","0","1511853178","M000285DRH"
"0","9270","-2.7475557","23.713","1","1511857678","738060","0","0","1511854078","M000285DRH"
"0","9410","-2.7475557","23.629","1","1511857678","738060","0","0","1511854978","M000285DRH"
"0","8994","-2.7475557","23.8786","1","1511857678","738060","0","0","1511855878","M000285DRH"
"205","57626","-0.6823703","24.1906","0","1511857678","738060","0","0","1511856778","M000285DRH"
"195","57654","-0.78311116","24.1738","0","1511857678","738060","0","0","1511856838","M000285DRH"
"200","57586","-0.7327408","24.2146","0","1511857678","738060","0","0","1511856898","M000285DRH"
"196","57526","-0.77303696","24.250599","0","1511857678","738060","0","0","1511856958","M000285DRH"
"200","8334","-0.7327408","24.2746","0","1511857678","738060","0","0","1511857018","M000285DRH"
"202","8394","-0.71259254","24.2386","0","1511857678","738060","0","0","1511857078","M000285DRH"
"208","8450","-0.65214807","24.205","0","1511857678","738060","0","0","1511857138","M000285DRH"
"210","8574","-0.63199997","24.1306","0","1511857678","738060","0","0","1511857198","M000285DRH"
"212","8790","-0.61185193","24.001","0","1511857678","738060","0","0","1511857258","M000285DRH"
"211","8722","-0.62192583","24.0418","0","1511857678","738060","0","0","1511857318","M000285DRH"
"204","8734","-0.69244444","24.0346","0","1511857678","738060","0","0","1511857378","M000285DRH"
"198","8742","-0.7528889","24.0298","0","1511857678","738060","0","0","1511857438","M000285DRH"
"193","8798","-0.8032592","23.996199","0","1511857678","738060","0","0","1511857498","M000285DRH"
"192","8798","-0.81333333","23.996199","0","1511857678","738060","0","0","1511857558","M000285DRH"
"194","8798","-0.79318523","23.996199","0","1511857678","738060","0","0","1511857618","M000285DRH"
"197","8790","-0.76296306","24.001","0","1511857678","738060","0","0","1511857678","M000285DRH"
"708","39960","4.3848896","27.4174","0","1511849106","5820","0","0","1511848206","M0001VCNT0"
"701","56344","4.314371","27.4174","0","1511849106","5820","0","0","1511848266","M0001VCNT0"
"699","39988","4.2942224","27.4006","0","1511849106","5820","0","0","1511848326","M0001VCNT0"
"697","40016","4.2740746","27.3838","0","1511849106","5820","0","0","1511848386","M0001VCNT0"
"684","56222","4.143111","27.490599","0","1511848911","5640","0","0","1511848011","M0001VCNT0"
"677","56284","4.072593","27.4534","1","1511848858","5580","0","0","1511819158","M0001VCNT0"
"681","56248","4.1128893","27.475","0","1511848858","5580","0","0","1511847958","M0001VCNT0"
"675","56244","4.052445","27.4774","0","1511848782","5520","0","0","1511847882","M0001VCNT0"
"676","56284","4.0625186","27.4534","0","1511848782","5520","0","0","1511847942","M0001VCNT0"
"676","56268","4.0625186","27.463","0","1511848654","5400","0","0","1511847754","M0001VCNT0"
"681","56222","4.1128893","27.490599","0","1511848654","5400","0","0","1511847814","M0001VCNT0"
"681","56260","4.1128893","27.4678","0","1511848533","5280","0","0","1511847633","M0001VCNT0"
"690","56264","4.203556","27.465399","0","1511848464","5220","0","0","1511847564","M0001VCNT0"
"693","39836","4.233778","27.4918","0","1511848387","5100","0","0","1511847487","M0001VCNT0"
"694","39860","4.243852","27.4774","0","1511848387","5100","0","0","1511847547","M0001VCNT0"
"693","56174","4.233778","27.5194","0","1511848261","4980","0","0","1511847361","M0001VCNT0"
"696","56204","4.2640004","27.5014","0","1511848232","4980","0","0","1511847332","M0001VCNT0"
"699","56224","4.2942224","27.489399","0","1511848165","4920","0","0","1511847265","M0001VCNT0"
"707","56236","4.374815","27.482199","0","1511848165","4920","0","0","1511847325","M0001VCNT0"
"713","56144","4.43526","27.5374","1","1511848029","4740","0","0","1511818329","M0001VCNT0"
"708","56242","4.3848896","27.4786","0","1511848029","4740","0","0","1511847129","M0001VCNT0"
"705","56192","4.354667","27.5086","0","1511848029","4740","0","0","1511847189","M0001VCNT0"
"700","56168","4.3042965","27.522999","0","1511848029","4740","0","0","1511847249","M0001VCNT0"
"708","56208","4.3848896","27.498999","0","1511848029","4740","0","0","1511847309","M0001VCNT0"
"716","56144","4.465482","27.5374","0","1511847817","4560","0","0","1511846917","M0001VCNT0"
"724","56200","4.5460744","27.5038","0","1511847817","4560","0","0","1511846977","M0001VCNT0"
"721","56084","4.515852","27.573399","0","1511847817","4560","0","0","1511847037","M0001VCNT0"
"711","56068","4.4151115","27.583","0","1511847817","4560","0","0","1511847097","M0001VCNT0"
"706","6852","4.364741","27.621399","0","1511847817","4560","0","0","1511847157","M0001VCNT0"
"699","56004","4.2942224","27.621399","0","1511847817","4560","0","0","1511847217","M0001VCNT0"
"696","56004","4.2640004","27.621399","0","1511847817","4560","0","0","1511847277","M0001VCNT0"
"693","56046","4.233778","27.596199","0","1511847817","4560","0","0","1511847337","M0001VCNT0"
"682","55976","4.1229634","27.638199","1","1511847343","4080","0","0","1511817643","M0001VCNT0"
"652","56088","3.820741","27.571","1","1511847343","4080","0","0","1511818543","M0001VCNT0"
"527","6964","2.5614817","27.5542","1","1511847343","4080","0","0","1511819443","M0001VCNT0"
"240","7260","-0.32977778","27.3766","1","1511847343","4080","0","0","1511820343","M0001VCNT0"
"691","56108","4.2136297","27.559","0","1511847343","4080","0","0","1511846443","M0001VCNT0"
"692","56140","4.2237043","27.539799","0","1511847343","4080","0","0","1511846503","M0001VCNT0"
"691","56144","4.2136297","27.5374","0","1511847343","4080","0","0","1511846563","M0001VCNT0"
"689","56164","4.193482","27.5254","0","1511847343","4080","0","0","1511846623","M0001VCNT0"
"685","56188","4.1531854","27.511","0","1511847343","4080","0","0","1511846683","M0001VCNT0"
"686","56112","4.1632595","27.556599","0","1511847343","4080","0","0","1511846743","M0001VCNT0"
"683","56028","4.1330376","27.607","0","1511847343","4080","0","0","1511846803","M0001VCNT0"
"682","55976","4.1229634","27.638199","0","1511847343","4080","0","0","1511846863","M0001VCNT0"
"682","55968","4.1229634","27.643","0","1511847343","4080","0","0","1511846923","M0001VCNT0"
"680","56012","4.1028156","27.6166","0","1511847343","4080","0","0","1511846983","M0001VCNT0"
"678","56056","4.082667","27.5902","0","1511847343","4080","0","0","1511847043","M0001VCNT0"
"673","56044","4.0322967","27.597399","0","1511847343","4080","0","0","1511847103","M0001VCNT0"
"671","56028","4.0121484","27.607","0","1511847343","4080","0","0","1511847163","M0001VCNT0"
"670","56008","4.0020742","27.619","0","1511847343","4080","0","0","1511847223","M0001VCNT0"
"668","56048","3.9819264","27.595","0","1511847343","4080","0","0","1511847283","M0001VCNT0"
"666","56052","3.961778","27.5926","0","1511847343","4080","0","0","1511847343","M0001VCNT0"
"0","0","-2.7475557","29.275","1","1511843419","180","0","0","1511813719","M0001VCNT0"
"0","0","-2.7475557","29.275","1","1511843419","180","0","0","1511814619","M0001VCNT0"
"0","0","-2.7475557","29.275","1","1511843419","180","0","0","1511815519","M0001VCNT0"
"0","0","-2.7475557","29.275","1","1511843419","180","0","0","1511816419","M0001VCNT0"
"0","0","-2.7475557","29.275","1","1511843419","180","0","0","1511817319","M0001VCNT0"
"0","0","-2.7475557","29.275","1","1511843419","180","0","0","1511818219","M0001VCNT0"
"0","0","-2.7475557","29.275","1","1511843419","180","0","0","1511819119","M0001VCNT0"
"0","0","-2.7475557","29.275","1","1511843419","180","0","0","1511820019","M0001VCNT0"
"0","0","-2.7475557","29.275","1","1511843419","180","0","0","1511820919","M0001VCNT0"
"0","0","-2.7475557","29.275","1","1511843419","180","0","0","1511821819","M0001VCNT0"
"0","0","-2.7475557","29.275","1","1511843419","180","0","0","1511822719","M0001VCNT0"
"0","0","-2.7475557","29.275","1","1511843419","180","0","0","1511823619","M0001VCNT0"
"0","0","-2.7475557","29.275","1","1511843419","180","0","0","1511824519","M0001VCNT0"
"0","0","-2.7475557","29.275","1","1511843419","180","0","0","1511825419","M0001VCNT0"
"0","0","-2.7475557","29.275","1","1511843419","180","0","0","1511826319","M0001VCNT0"
"0","0","-2.7475557","29.275","1","1511843419","180","0","0","1511827219","M0001VCNT0"
"0","0","-2.7475557","29.275","1","1511843419","180","0","0","1511828119","M0001VCNT0"
"0","0","-2.7475557","29.275","1","1511843419","180","0","0","1511829019","M0001VCNT0"
"0","0","-2.7475557","29.275","1","1511843419","180","0","0","1511829919","M0001VCNT0"
"0","0","-2.7475557","29.275","1","1511843419","180","0","0","1511830819","M0001VCNT0"
"0","0","-2.7475557","29.275","1","1511843419","180","0","0","1511831719","M0001VCNT0"
"0","0","-2.7475557","29.275","1","1511843419","180","0","0","1511832619","M0001VCNT0"
"0","0","-2.7475557","29.275","1","1511843419","180","0","0","1511833519","M0001VCNT0"
"0","0","-2.7475557","29.275","1","1511843419","180","0","0","1511834419","M0001VCNT0"
"0","0","-2.7475557","29.275","1","1511843419","180","0","0","1511835319","M0001VCNT0"
"0","0","-2.7475557","29.275","1","1511843419","180","0","0","1511836219","M0001VCNT0"
"0","0","-2.7475557","29.275","1","1511843419","180","0","0","1511837119","M0001VCNT0"
"0","0","-2.7475557","29.275","1","1511843419","180","0","0","1511838019","M0001VCNT0"
"0","0","-2.7475557","29.275","1","1511843419","180","0","0","1511838919","M0001VCNT0"
"0","0","-2.7475557","29.275","1","1511843419","180","0","0","1511839819","M0001VCNT0"
"0","0","-2.7475557","29.275","1","1511843419","180","0","0","1511840719","M0001VCNT0"
"0","0","-2.7475557","29.275","1","1511843419","180","0","0","1511841619","M0001VCNT0"
"33326","57158","2.8737779","26.928999","0","1511843417","180","0","0","1511842517","M0001VCNT0"
"33201","41102","1.6145185","24.2746","0","1511843417","180","0","0","1511842577","M0001VCNT0"
"0","0","-2.7475557","29.275","0","1511843417","180","0","0","1511842637","M0001VCNT0"
"0","0","-2.7475557","29.275","0","1511843417","180","0","0","1511842697","M0001VCNT0"
"0","0","-2.7475557","29.275","0","1511843417","180","0","0","1511842757","M0001VCNT0"
"0","0","-2.7475557","29.275","0","1511843417","180","0","0","1511842817","M0001VCNT0"
"0","0","-2.7475557","29.275","0","1511843417","180","0","0","1511842877","M0001VCNT0"
"0","0","-2.7475557","29.275","0","1511843417","180","0","0","1511842937","M0001VCNT0"
"0","0","-2.7475557","29.275","0","1511843417","180","0","0","1511842997","M0001VCNT0"
"0","0","-2.7475557","29.275","0","1511843417","180","0","0","1511843057","M0001VCNT0"
"0","0","-2.7475557","29.275","0","1511843417","180","0","0","1511843117","M0001VCNT0"
"0","0","-2.7475557","29.275","0","1511843417","180","0","0","1511843177","M0001VCNT0"
"0","0","-2.7475557","29.275","0","1511843417","180","0","0","1511843237","M0001VCNT0"
"0","0","-2.7475557","29.275","0","1511843417","180","0","0","1511843297","M0001VCNT0"
"0","0","-2.7475557","29.275","0","1511843417","180","0","0","1511843357","M0001VCNT0"
"0","0","-2.7475557","29.275","0","1511843417","180","0","0","1511843417","M0001VCNT0"
"0","9018","-2.7475557","23.864199","1","1511837843","718200","0","0","1511808143","M000285DRH"
"0","8554","-2.7475557","24.1426","1","1511837843","718200","0","0","1511809043","M000285DRH"
"292","8990","0.19407421","23.881","0","1511837843","718200","0","0","1511836943","M000285DRH"
"293","8982","0.20414813","23.8858","0","1511837843","718200","0","0","1511837003","M000285DRH"
"303","8954","0.30488893","23.9026","0","1511837843","718200","0","0","1511837063","M000285DRH"
"312","8998","0.39555565","23.8762","0","1511837843","718200","0","0","1511837123","M000285DRH"
"315","9058","0.4257778","23.840199","0","1511837843","718200","0","0","1511837183","M000285DRH"
"301","9046","0.28474087","23.847399","0","1511837843","718200","0","0","1511837243","M000285DRH"
"297","9046","0.24444447","23.847399","0","1511837843","718200","0","0","1511837303","M000285DRH"
"291","9050","0.18400007","23.845","0","1511837843","718200","0","0","1511837363","M000285DRH"
"279","9050","0.06311115","23.845","0","1511837843","718200","0","0","1511837423","M000285DRH"
"259","9090","-0.13837028","23.821","0","1511837843","718200","0","0","1511837483","M000285DRH"
"259","9074","-0.13837028","23.830599","0","1511837843","718200","0","0","1511837543","M000285DRH"
"258","9066","-0.14844441","23.8354","0","1511837843","718200","0","0","1511837603","M000285DRH"
"256","9054","-0.16859248","23.8426","0","1511837843","718200","0","0","1511837663","M000285DRH"
"257","9042","-0.15851855","23.8498","0","1511837843","718200","0","0","1511837723","M000285DRH"
"255","9034","-0.17866665","23.854599","0","1511837843","718200","0","0","1511837783","M000285DRH"
"259","9018","-0.13837028","23.864199","0","1511837843","718200","0","0","1511837843","M000285DRH"
"277","8694","0.04296308","24.0586","0","1511836003","716400","0","0","1511835103","M000285DRH"
"241","8654","-0.3197036","24.0826","0","1511836003","716400","0","0","1511835163","M000285DRH"
"271","8458","-0.01748138","24.2002","0","1511836003","716400","0","0","1511835223","M000285DRH"
"288","8482","0.15377781","24.185799","0","1511835806","716160","0","0","1511834906","M000285DRH"
"308","8306","0.35525927","24.291399","0","1511835770","716160","0","0","1511834870","M000285DRH"
"156","8446","-1.176","24.2074","1","1511835713","716100","0","0","1511806013","M000285DRH"
"306","8430","0.33511114","24.217","0","1511835713","716100","0","0","1511834813","M000285DRH"
"308","8366","0.35525927","24.2554","0","1511835713","716100","0","0","1511834873","M000285DRH"
"255","8282","-0.17866665","24.3058","0","1511835713","716100","0","0","1511834933","M000285DRH"
"262","8854","-0.108148046","23.962599","0","1511835713","716100","0","0","1511834993","M000285DRH"
"233","8750","-0.40029636","24.025","0","1511835713","716100","0","0","1511835053","M000285DRH"
"191","8530","-0.8234074","24.157","0","1511835713","716100","0","0","1511835113","M000285DRH"
"144","8254","-1.296889","24.3226","0","1511835713","716100","0","0","1511835173","M000285DRH"
"134","8502","-1.3976296","24.1738","0","1511835713","716100","0","0","1511835233","M000285DRH"
"138","8490","-1.3573333","24.181","0","1511835713","716100","0","0","1511835293","M000285DRH"
"145","8446","-1.2868149","24.2074","0","1511835713","716100","0","0","1511835353","M000285DRH"
"151","8480","-1.2263705","24.187","0","1511835713","716100","0","0","1511835413","M000285DRH"
"162","8476","-1.1155556","24.1894","0","1511835713","716100","0","0","1511835473","M000285DRH"
"176","8464","-0.9745185","24.1966","0","1511835713","716100","0","0","1511835533","M000285DRH"
"203","8432","-0.7025186","24.2158","0","1511835713","716100","0","0","1511835593","M000285DRH"
"247","8366","-0.25925916","24.2554","0","1511835713","716100","0","0","1511835653","M000285DRH"
"307","57386","0.34518534","24.334599","0","1511835713","716100","0","0","1511835713","M000285DRH"
"0","8602","-2.7475557","24.1138","1","1511834641","715020","0","0","1511804941","M000285DRH"
"364","8418","0.91940755","24.2242","0","1511834641","715020","0","0","1511833741","M000285DRH"
"360","8414","0.87911123","24.226599","0","1511834641","715020","0","0","1511833801","M000285DRH"
"358","8606","0.8589632","24.111399","0","1511834641","715020","0","0","1511833861","M000285DRH"
"351","8602","0.7884446","24.1138","0","1511834641","715020","0","0","1511833921","M000285DRH"
"352","8614","0.79851866","24.1066","0","1511834641","715020","0","0","1511833981","M000285DRH"
"347","8618","0.74814814","24.104198","0","1511834641","715020","0","0","1511834041","M000285DRH"
"338","8602","0.65748143","24.1138","0","1511834641","715020","0","0","1511834101","M000285DRH"
"338","8594","0.65748143","24.118599","0","1511834641","715020","0","0","1511834161","M000285DRH"
"339","8622","0.66755563","24.101799","0","1511834641","715020","0","0","1511834221","M000285DRH"
"334","8650","0.61718535","24.085","0","1511834641","715020","0","0","1511834281","M000285DRH"
"325","8626","0.52651864","24.0994","0","1511834641","715020","0","0","1511834341","M000285DRH"
"297","8526","0.24444447","24.159399","0","1511834641","715020","0","0","1511834401","M000285DRH"
"231","24842","-0.42044443","24.2002","0","1511833878","714240","0","0","1511832978","M000285DRH"
"0","8690","-2.7475557","24.060999","1","1511833838","714240","0","0","1511804138","M000285DRH"
"0","8914","-2.7475557","23.9266","1","1511833838","714240","0","0","1511805038","M000285DRH"
"0","9106","-2.7475557","23.8114","1","1511833838","714240","0","0","1511805938","M000285DRH"
"0","9270","-2.7475557","23.713","1","1511833838","714240","0","0","1511806838","M000285DRH"
"0","9410","-2.7475557","23.629","1","1511833838","714240","0","0","1511807738","M000285DRH"
"0","8994","-2.7475557","23.8786","1","1511833838","714240","0","0","1511808638","M000285DRH"
"160","8690","-1.1357038","24.060999","1","1511833838","714240","0","0","1511809538","M000285DRH"
"0","8242","-2.7475557","24.3298","1","1511833838","714240","0","0","1511810438","M000285DRH"
"205","8622","-0.6823703","24.101799","0","1511833838","714240","0","0","1511832938","M000285DRH"
"253","8494","-0.1988147","24.1786","0","1511833838","714240","0","0","1511832998","M000285DRH"
"268","57694","-0.047703583","24.1498","0","1511833838","714240","0","0","1511833058","M000285DRH"
"268","57702","-0.047703583","24.145","0","1511833838","714240","0","0","1511833118","M000285DRH"
"274","57602","0.0127408765","24.205","0","1511833838","714240","0","0","1511833178","M000285DRH"
"271","57538","-0.01748138","24.243399","0","1511833838","714240","0","0","1511833238","M000285DRH"
"261","57582","-0.118222184","24.217","0","1511833838","714240","0","0","1511833298","M000285DRH"
"261","8506","-0.118222184","24.1714","0","1511833838","714240","0","0","1511833358","M000285DRH"
"250","8690","-0.22903694","24.060999","0","1511833838","714240","0","0","1511833418","M000285DRH"
"245","8870","-0.27940744","23.953","0","1511833838","714240","0","0","1511833478","M000285DRH"
"241","8878","-0.3197036","23.9482","0","1511833838","714240","0","0","1511833538","M000285DRH"
"238","8882","-0.34992585","23.945799","0","1511833838","714240","0","0","1511833598","M000285DRH"
"237","8890","-0.35999998","23.941","0","1511833838","714240","0","0","1511833658","M000285DRH"
"231","8846","-0.42044443","23.9674","0","1511833838","714240","0","0","1511833718","M000285DRH"
"229","8642","-0.4405925","24.0898","0","1511833838","714240","0","0","1511833778","M000285DRH"
"226","8874","-0.4708147","23.9506","0","1511833838","714240","0","0","1511833838","M000285DRH"
"0","8938","-2.7475557","23.912199","1","1511826399","706740","0","0","1511796699","M000285DRH"
"0","9022","-2.7475557","23.8618","1","1511826399","706740","0","0","1511797599","M000285DRH"
"0","9114","-2.7475557","23.806599","1","1511826399","706740","0","0","1511798499","M000285DRH"
"0","9226","-2.7475557","23.739399","1","1511826399","706740","0","0","1511799399","M000285DRH"
"0","25778","-2.7475557","23.6386","1","1511826399","706740","0","0","1511800299","M000285DRH"
"0","25978","-2.7475557","23.5186","1","1511826399","706740","0","0","1511801199","M000285DRH"
"0","26138","-2.7475557","23.4226","1","1511826399","706740","0","0","1511802099","M000285DRH"
"0","26182","-2.7475557","23.396198","1","1511826399","706740","0","0","1511802999","M000285DRH"
"0","26142","-2.7475557","23.4202","1","1511826399","706740","0","0","1511803899","M000285DRH"
"0","26162","-2.7475557","23.4082","1","1511826399","706740","0","0","1511804799","M000285DRH"
"0","9750","-2.7475557","23.425","1","1511826399","706740","0","0","1511805699","M000285DRH"
"0","26150","-2.7475557","23.4154","1","1511826399","706740","0","0","1511806599","M000285DRH"
"0","26190","-2.7475557","23.3914","1","1511826399","706740","0","0","1511807499","M000285DRH"
"0","9706","-2.7475557","23.451399","1","1511826399","706740","0","0","1511808399","M000285DRH"
"0","25882","-2.7475557","23.576199","1","1511826399","706740","0","0","1511809299","M000285DRH"
"0","26026","-2.7475557","23.4898","1","1511826399","706740","0","0","1511810199","M000285DRH"
"0","9494","-2.7475557","23.5786","1","1511826399","706740","0","0","1511811099","M000285DRH"
"0","9502","-2.7475557","23.5738","1","1511826399","706740","0","0","1511811999","M000285DRH"
"0","9414","-2.7475557","23.626598","1","1511826399","706740","0","0","1511812899","M000285DRH"
"0","9354","-2.7475557","23.6626","1","1511826399","706740","0","0","1511813799","M000285DRH"
"0","9222","-2.7475557","23.741798","1","1511826399","706740","0","0","1511814699","M000285DRH"
"0","9246","-2.7475557","23.7274","1","1511826399","706740","0","0","1511815599","M000285DRH"
"0","9382","-2.7475557","23.6458","1","1511826399","706740","0","0","1511816499","M000285DRH"
"0","25742","-2.7475557","23.660198","1","1511826399","706740","0","0","1511817399","M000285DRH"
"0","9306","-2.7475557","23.691399","1","1511826399","706740","0","0","1511818299","M000285DRH"
"0","9298","-2.7475557","23.6962","1","1511826399","706740","0","0","1511819199","M000285DRH"
"0","9218","-2.7475557","23.7442","1","1511826399","706740","0","0","1511820099","M000285DRH"
"0","9362","-2.7475557","23.657799","1","1511826399","706740","0","0","1511820999","M000285DRH"
"0","8970","-2.7475557","23.893","1","1511826399","706740","0","0","1511821899","M000285DRH"
"0","9190","-2.7475557","23.761","1","1511826399","706740","0","0","1511822799","M000285DRH"
"0","9178","-2.7475557","23.7682","1","1511826399","706740","0","0","1511823699","M000285DRH"
"0","9018","-2.7475557","23.864199","1","1511826399","706740","0","0","1511824599","M000285DRH"
"28","8150","-2.4654818","26.8426","0","1511826399","706740","0","0","1511825499","M000285DRH"
"0","56866","-2.7475557","27.104198","0","1511826399","706740","0","0","1511825559","M000285DRH"
"92","8902","-1.8207408","23.9338","0","1511826399","706740","0","0","1511825619","M000285DRH"
"95","8930","-1.7905186","23.917","0","1511826399","706740","0","0","1511825679","M000285DRH"
"95","8938","-1.7905186","23.912199","0","1511826399","706740","0","0","1511825739","M000285DRH"
"95","8942","-1.7905186","23.9098","0","1511826399","706740","0","0","1511825799","M000285DRH"
"97","8946","-1.7703705","23.907398","0","1511826399","706740","0","0","1511825859","M000285DRH"
"96","8954","-1.7804445","23.9026","0","1511826399","706740","0","0","1511825919","M000285DRH"
"95","8962","-1.7905186","23.8978","0","1511826399","706740","0","0","1511825979","M000285DRH"
"96","8966","-1.7804445","23.8954","0","1511826399","706740","0","0","1511826039","M000285DRH"
"97","8970","-1.7703705","23.893","0","1511826399","706740","0","0","1511826099","M000285DRH"
"97","8978","-1.7703705","23.888199","0","1511826399","706740","0","0","1511826159","M000285DRH"
"97","25366","-1.7703705","23.8858","0","1511826399","706740","0","0","1511826219","M000285DRH"
"97","8990","-1.7703705","23.881","0","1511826399","706740","0","0","1511826279","M000285DRH"
"100","8994","-1.7401483","23.8786","0","1511826399","706740","0","0","1511826339","M000285DRH"
"100","8998","-1.7401483","23.8762","0","1511826399","706740","0","0","1511826399","M000285DRH"
"714","24852","4.4453335","24.194199","0","1511605439","70260","0","0","1511604539","M0002C2Z30"
"690","24756","4.203556","24.2518","0","1511605439","70260","0","0","1511604599","M0002C2Z30"
"682","24620","4.1229634","24.333399","0","1511605439","70260","0","0","1511604659","M0002C2Z30"
"657","24784","3.8711116","24.234999","0","1511605439","70260","0","0","1511604719","M0002C2Z30"
"652","24694","3.820741","24.289","0","1511605439","70260","0","0","1511604779","M0002C2Z30"
"619","24704","3.4882963","24.282999","0","1511605439","70260","0","0","1511604839","M0002C2Z30"
"428","24596","1.5641484","24.3478","1","1511605083","69900","0","0","1511575383","M0002C2Z30"
"500","40796","2.2894816","26.9158","1","1511605083","69900","0","0","1511576283","M0002C2Z30"
"661","40280","3.9114075","27.225399","1","1511605083","69900","0","0","1511577183","M0002C2Z30"
"808","40428","5.3922973","27.1366","1","1511605083","69900","0","0","1511578083","M0002C2Z30"
"956","40644","6.8832593","27.007","1","1511605083","69900","0","0","1511578983","M0002C2Z30"
"1159","40996","8.928297","24.3382","1","1511605083","69900","0","0","1511579883","M0002C2Z30"
"1406","40760","11.416593","26.937399","1","1511605083","69900","0","0","1511580783","M0002C2Z30"
"1628","24864","13.653039","24.187","1","1511605083","69900","0","0","1511581683","M0002C2Z30"
"1856","24948","15.949927","24.1366","1","1511605083","69900","0","0","1511582583","M0002C2Z30"
"2046","24844","17.864","24.199","1","1511605083","69900","0","0","1511583483","M0002C2Z30"
"2226","24704","19.677334","24.282999","1","1511605083","69900","0","0","1511584383","M0002C2Z30"
"2235","24516","19.768","26.8534","1","1511605083","69900","0","0","1511585283","M0002C2Z30"
"2050","40764","17.904295","26.935","1","1511605083","69900","0","0","1511586183","M0002C2Z30"
"1804","24520","15.426073","26.851","1","1511605083","69900","0","0","1511587083","M0002C2Z30"
"1598","24552","13.350817","26.831799","1","1511605083","69900","0","0","1511587983","M0002C2Z30"
"1614","40784","13.512001","26.923","1","1511605083","69900","0","0","1511588883","M0002C2Z30"
"1776","40528","15.144001","27.0766","1","1511605083","69900","0","0","1511589783","M0002C2Z30"
"1845","40472","15.839111","27.110199","1","1511605083","69900","0","0","1511590683","M0002C2Z30"
"1816","40576","15.546963","27.0478","1","1511605083","69900","0","0","1511591583","M0002C2Z30"
"1688","40508","14.257482","27.0886","1","1511605083","69900","0","0","1511592483","M0002C2Z30"
"1542","40628","12.786668","27.0166","1","1511605083","69900","0","0","1511593383","M0002C2Z30"
"1556","24572","12.927706","26.8198","1","1511605083","69900","0","0","1511594283","M0002C2Z30"
"1613","55992","13.501927","27.6286","1","1511605083","69900","0","0","1511595183","M0002C2Z30"
"1703","55864","14.408593","27.705399","1","1511605083","69900","0","0","1511596083","M0002C2Z30"
"1640","56368","13.773929","27.403","1","1511605083","69900","0","0","1511596983","M0002C2Z30"
"1614","55960","13.512001","27.6478","1","1511605083","69900","0","0","1511597883","M0002C2Z30"
"1634","55988","13.713483","27.631","1","1511605083","69900","0","0","1511598783","M0002C2Z30"
"1668","55836","14.056001","27.7222","1","1511605083","69900","0","0","1511599683","M0002C2Z30"
"1535","55976","12.716148","27.638199","1","1511605083","69900","0","0","1511600583","M0002C2Z30"
"1284","56028","10.187556","27.607","1","1511605083","69900","0","0","1511601483","M0002C2Z30"
"958","56020","6.9034085","27.6118","1","1511605083","69900","0","0","1511602383","M0002C2Z30"
"664","56400","3.9416301","27.3838","1","1511605083","69900","0","0","1511603283","M0002C2Z30"
"588","24636","3.176","24.3238","0","1511605083","69900","0","0","1511604183","M0002C2Z30"
"580","24702","3.0954075","24.284199","0","1511605083","69900","0","0","1511604243","M0002C2Z30"
"552","24740","2.8133335","24.261398","0","1511605083","69900","0","0","1511604303","M0002C2Z30"
"523","24712","2.5211852","24.278198","0","1511605083","69900","0","0","1511604363","M0002C2Z30"
"506","24708","2.3499262","24.2806","0","1511605083","69900","0","0","1511604423","M0002C2Z30"
"478","24640","2.0678518","24.3214","0","1511605083","69900","0","0","1511604483","M0002C2Z30"
"469","24674","1.9771851","24.300999","0","1511605083","69900","0","0","1511604543","M0002C2Z30"
"441","24646","1.6951112","24.317799","0","1511605083","69900","0","0","1511604603","M0002C2Z30"
"440","24644","1.6850371","24.319","0","1511605083","69900","0","0","1511604663","M0002C2Z30"
"435","24624","1.6346667","24.331","0","1511605083","69900","0","0","1511604723","M0002C2Z30"
"428","24596","1.5641484","24.3478","0","1511605083","69900","0","0","1511604783","M0002C2Z30"
"423","24576","1.5137779","24.359798","0","1511605083","69900","0","0","1511604843","M0002C2Z30"
"415","24528","1.4331851","26.846199","0","1511605083","69900","0","0","1511604903","M0002C2Z30"
"417","24448","1.4533334","26.8942","0","1511605083","69900","0","0","1511604963","M0002C2Z30"
"415","24604","1.4331851","24.342999","0","1511605083","69900","0","0","1511605023","M0002C2Z30"
"414","24600","1.4231112","24.3454","0","1511605083","69900","0","0","1511605083","M0002C2Z30"
"1136","24624","8.696592","24.331","1","1511560599","25500","0","0","1511530899","M0002C2Z30"
"1207","25092","9.411853","24.0502","1","1511560599","25500","0","0","1511531799","M0002C2Z30"
"1343","25116","10.781926","24.035799","1","1511560599","25500","0","0","1511532699","M0002C2Z30"
"1503","25052","12.393779","24.0742","1","1511560599","25500","0","0","1511533599","M0002C2Z30"
"1788","24540","15.264889","26.838999","1","1511560599","25500","0","0","1511534499","M0002C2Z30"
"1879","24452","16.18163","26.8918","1","1511560599","25500","0","0","1511535399","M0002C2Z30"
"1932","25056","16.715555","24.0718","1","1511560599","25500","0","0","1511536299","M0002C2Z30"
"2169","40472","19.103111","27.110199","1","1511560599","25500","0","0","1511537199","M0002C2Z30"
"2331","6468","20.735111","27.851799","1","1511560599","25500","0","0","1511538099","M0002C2Z30"
"2314","6352","20.56385","27.9214","1","1511560599","25500","0","0","1511538999","M0002C2Z30"
"2191","6396","19.324741","27.895","1","1511560599","25500","0","0","1511539899","M0002C2Z30"
"2221","6348","19.626963","27.9238","1","1511560599","25500","0","0","1511540799","M0002C2Z30"
"1920","6308","16.594667","27.9478","1","1511560599","25500","0","0","1511541699","M0002C2Z30"
"1861","6348","16.000298","27.9238","1","1511560599","25500","0","0","1511542599","M0002C2Z30"
"1874","6316","16.13126","27.942999","1","1511560599","25500","0","0","1511543499","M0002C2Z30"
"1750","6308","14.882073","27.9478","1","1511560599","25500","0","0","1511544399","M0002C2Z30"
"1605","6272","13.421334","27.9694","1","1511560599","25500","0","0","1511545299","M0002C2Z30"
"1344","6272","10.792001","27.9694","1","1511560599","25500","0","0","1511546199","M0002C2Z30"
"984","6340","7.165334","27.9286","1","1511560599","25500","0","0","1511547099","M0002C2Z30"
"804","6484","5.352","27.8422","1","1511560599","25500","0","0","1511547999","M0002C2Z30"
"949","6508","6.8127418","27.827799","1","1511560599","25500","0","0","1511548899","M0002C2Z30"
"1089","6460","8.223111","27.8566","1","1511560599","25500","0","0","1511549799","M0002C2Z30"
"1038","6524","7.7093334","27.8182","1","1511560599","25500","0","0","1511550699","M0002C2Z30"
"1003","55840","7.356742","27.719799","1","1511560599","25500","0","0","1511551599","M0002C2Z30"
"1010","40448","7.4272594","27.1246","1","1511560599","25500","0","0","1511552499","M0002C2Z30"
"791","6608","5.221037","27.7678","1","1511560599","25500","0","0","1511553399","M0002C2Z30"
"790","56112","5.2109637","27.556599","1","1511560599","25500","0","0","1511554299","M0002C2Z30"
"892","40592","6.2385197","27.0382","1","1511560599","25500","0","0","1511555199","M0002C2Z30"
"0","0","-2.7475557","29.275","1","1511560599","25500","0","0","1511556099","M0002C2Z30"
"0","0","-2.7475557","29.275","1","1511560599","25500","0","0","1511556999","M0002C2Z30"
"0","0","-2.7475557","29.275","1","1511560599","25500","0","0","1511557899","M0002C2Z30"
"0","0","-2.7475557","29.275","1","1511560599","25500","0","0","1511558799","M0002C2Z30"
"1115","24596","8.485037","24.3478","0","1511560599","25500","0","0","1511559699","M0002C2Z30"
"1119","24576","8.525333","24.359798","0","1511560599","25500","0","0","1511559759","M0002C2Z30"
"1125","24592","8.585778","24.350199","0","1511560599","25500","0","0","1511559819","M0002C2Z30"
"1131","24592","8.646223","24.350199","0","1511560599","25500","0","0","1511559879","M0002C2Z30"
"1135","24624","8.68652","24.331","0","1511560599","25500","0","0","1511559939","M0002C2Z30"
"1142","24640","8.757038","24.3214","0","1511560599","25500","0","0","1511559999","M0002C2Z30"
"1147","24676","8.807408","24.299799","0","1511560599","25500","0","0","1511560059","M0002C2Z30"
"1150","24708","8.83763","24.2806","0","1511560599","25500","0","0","1511560119","M0002C2Z30"
"1156","24732","8.898075","24.2662","0","1511560599","25500","0","0","1511560179","M0002C2Z30"
"1158","24740","8.918223","24.261398","0","1511560599","25500","0","0","1511560239","M0002C2Z30"
"1159","24772","8.928297","24.242199","0","1511560599","25500","0","0","1511560299","M0002C2Z30"
"1167","24808","9.00889","24.2206","0","1511560599","25500","0","0","1511560359","M0002C2Z30"
"1171","24828","9.049186","24.2086","0","1511560599","25500","0","0","1511560419","M0002C2Z30"
"1174","24864","9.079409","24.187","0","1511560599","25500","0","0","1511560479","M0002C2Z30"
"1178","24912","9.119704","24.1582","0","1511560599","25500","0","0","1511560539","M0002C2Z30"
"1182","24956","9.160001","24.1318","0","1511560599","25500","0","0","1511560599","M0002C2Z30"
"0","25658","-2.7475557","23.7106","1","1511555948","1295880","0","0","1511526248","M0001VCNXM"
"0","25542","-2.7475557","23.7802","1","1511555948","1295880","0","0","1511527148","M0001VCNXM"
"0","25462","-2.7475557","23.8282","1","1511555948","1295880","0","0","1511528048","M0001VCNXM"
"0","25502","-2.7475557","23.8042","1","1511555948","1295880","0","0","1511528948","M0001VCNXM"
"0","25514","-2.7475557","23.796999","1","1511555948","1295880","0","0","1511529848","M0001VCNXM"
"0","25594","-2.7475557","23.748999","1","1511555948","1295880","0","0","1511530748","M0001VCNXM"
"0","25658","-2.7475557","23.7106","1","1511555948","1295880","0","0","1511531648","M0001VCNXM"
"0","25674","-2.7475557","23.701","1","1511555948","1295880","0","0","1511532548","M0001VCNXM"
"0","25706","-2.7475557","23.681799","1","1511555948","1295880","0","0","1511533448","M0001VCNXM"
"0","25670","-2.7475557","23.7034","1","1511555948","1295880","0","0","1511534348","M0001VCNXM"
"0","25638","-2.7475557","23.722599","1","1511555948","1295880","0","0","1511535248","M0001VCNXM"
"0","25630","-2.7475557","23.7274","1","1511555948","1295880","0","0","1511536148","M0001VCNXM"
"0","25750","-2.7475557","23.6554","1","1511555948","1295880","0","0","1511537048","M0001VCNXM"
"0","25710","-2.7475557","23.6794","1","1511555948","1295880","0","0","1511537948","M0001VCNXM"
"0","25690","-2.7475557","23.691399","1","1511555948","1295880","0","0","1511538848","M0001VCNXM"
"0","25674","-2.7475557","23.701","1","1511555948","1295880","0","0","1511539748","M0001VCNXM"
"0","25554","-2.7475557","23.772999","1","1511555948","1295880","0","0","1511540648","M0001VCNXM"
"0","25502","-2.7475557","23.8042","1","1511555948","1295880","0","0","1511541548","M0001VCNXM"
"0","25446","-2.7475557","23.8378","1","1511555948","1295880","0","0","1511542448","M0001VCNXM"
"0","25346","-2.7475557","23.8978","1","1511555948","1295880","0","0","1511543348","M0001VCNXM"
"0","25358","-2.7475557","23.890598","1","1511555948","1295880","0","0","1511544248","M0001VCNXM"
"0","25322","-2.7475557","23.912199","1","1511555948","1295880","0","0","1511545148","M0001VCNXM"
"0","25210","-2.7475557","23.979399","1","1511555948","1295880","0","0","1511546048","M0001VCNXM"
"0","8834","-2.7475557","23.9746","1","1511555948","1295880","0","0","1511546948","M0001VCNXM"
"0","25138","-2.7475557","24.022598","1","1511555948","1295880","0","0","1511547848","M0001VCNXM"
"0","24986","-2.7475557","24.1138","1","1511555948","1295880","0","0","1511548748","M0001VCNXM"
"2512","7476","22.55852","27.247","1","1511555948","1295880","0","0","1511549648","M0001VCNXM"
"2568","7308","23.122667","27.3478","1","1511555948","1295880","0","0","1511550548","M0001VCNXM"
"2468","7492","22.11526","27.2374","1","1511555948","1295880","0","0","1511551448","M0001VCNXM"
"2482","23468","22.256296","27.482199","1","1511555948","1295880","0","0","1511552348","M0001VCNXM"
"2383","7472","21.258965","27.2494","1","1511555948","1295880","0","0","1511553248","M0001VCNXM"
"2364","7844","21.067556","27.0262","1","1511555948","1295880","0","0","1511554148","M0001VCNXM"
"15","25690","-2.5964446","23.691399","0","1511555948","1295880","0","0","1511555048","M0001VCNXM"
"15","25686","-2.5964446","23.6938","0","1511555948","1295880","0","0","1511555108","M0001VCNXM"
"15","25686","-2.5964446","23.6938","0","1511555948","1295880","0","0","1511555168","M0001VCNXM"
"16","25690","-2.5863705","23.691399","0","1511555948","1295880","0","0","1511555228","M0001VCNXM"
"15","25690","-2.5964446","23.691399","0","1511555948","1295880","0","0","1511555288","M0001VCNXM"
"16","25678","-2.5863705","23.698599","0","1511555948","1295880","0","0","1511555348","M0001VCNXM"
"15","25674","-2.5964446","23.701","0","1511555948","1295880","0","0","1511555408","M0001VCNXM"
"15","25666","-2.5964446","23.7058","0","1511555948","1295880","0","0","1511555468","M0001VCNXM"
"16","25682","-2.5863705","23.6962","0","1511555948","1295880","0","0","1511555528","M0001VCNXM"
"15","25666","-2.5964446","23.7058","0","1511555948","1295880","0","0","1511555588","M0001VCNXM"
"16","25654","-2.5863705","23.713","0","1511555948","1295880","0","0","1511555648","M0001VCNXM"
"16","25654","-2.5863705","23.713","0","1511555948","1295880","0","0","1511555708","M0001VCNXM"
"15","25658","-2.5964446","23.7106","0","1511555948","1295880","0","0","1511555768","M0001VCNXM"
"16","25646","-2.5863705","23.7178","0","1511555948","1295880","0","0","1511555828","M0001VCNXM"
"16","25626","-2.5863705","23.7298","0","1511555948","1295880","0","0","1511555888","M0001VCNXM"
"14","25626","-2.6065187","23.7298","0","1511555948","1295880","0","0","1511555948","M0001VCNXM"
"2169","40472","19.103111","40472","1","1511554912","19860","0","0","1511525212","M0002C2Z30"
"2331","6468","20.735111","6468","1","1511554912","19860","0","0","1511526112","M0002C2Z30"
"2314","6352","20.56385","6352","1","1511554912","19860","0","0","1511527012","M0002C2Z30"
"2191","6396","19.324741","6396","1","1511554912","19860","0","0","1511527912","M0002C2Z30"
"2221","6348","19.626963","6348","1","1511554912","19860","0","0","1511528812","M0002C2Z30"
"1920","6308","16.594667","6308","1","1511554912","19860","0","0","1511529712","M0002C2Z30"
"1861","6348","16.000298","6348","1","1511554912","19860","0","0","1511530612","M0002C2Z30"
"1874","6316","16.13126","6316","1","1511554912","19860","0","0","1511531512","M0002C2Z30"
"1750","6308","14.882073","6308","1","1511554912","19860","0","0","1511532412","M0002C2Z30"
"1605","6272","13.421334","6272","1","1511554912","19860","0","0","1511533312","M0002C2Z30"
"1344","6272","10.792001","6272","1","1511554912","19860","0","0","1511534212","M0002C2Z30"
"984","6340","7.165334","6340","1","1511554912","19860","0","0","1511535112","M0002C2Z30"
"804","6484","5.352","6484","1","1511554912","19860","0","0","1511536012","M0002C2Z30"
"949","6508","6.8127418","6508","1","1511554912","19860","0","0","1511536912","M0002C2Z30"
"1089","6460","8.223111","6460","1","1511554912","19860","0","0","1511537812","M0002C2Z30"
"1038","6524","7.7093334","6524","1","1511554912","19860","0","0","1511538712","M0002C2Z30"
"1003","55840","7.356742","55840","1","1511554912","19860","0","0","1511539612","M0002C2Z30"
"1010","40448","7.4272594","40448","1","1511554912","19860","0","0","1511540512","M0002C2Z30"
"791","6608","5.221037","6608","1","1511554912","19860","0","0","1511541412","M0002C2Z30"
"790","56112","5.2109637","56112","1","1511554912","19860","0","0","1511542312","M0002C2Z30"
"892","40592","6.2385197","40592","1","1511554912","19860","0","0","1511543212","M0002C2Z30"
"0","0","-2.7475557","0","1","1511554912","19860","0","0","1511544112","M0002C2Z30"
"0","0","-2.7475557","0","1","1511554912","19860","0","0","1511545012","M0002C2Z30"
"0","0","-2.7475557","0","1","1511554912","19860","0","0","1511545912","M0002C2Z30"
"0","0","-2.7475557","0","1","1511554912","19860","0","0","1511546812","M0002C2Z30"
"0","0","-2.7475557","0","1","1511554912","19860","0","0","1511547712","M0002C2Z30"
"0","0","-2.7475557","0","1","1511554912","19860","0","0","1511548612","M0002C2Z30"
"0","0","-2.7475557","0","1","1511554912","19860","0","0","1511549512","M0002C2Z30"
"0","0","-2.7475557","0","1","1511554912","19860","0","0","1511550412","M0002C2Z30"
"0","0","-2.7475557","0","1","1511554912","19860","0","0","1511551312","M0002C2Z30"
"0","0","-2.7475557","0","1","1511554912","19860","0","0","1511552212","M0002C2Z30"
"0","0","-2.7475557","0","1","1511554912","19860","0","0","1511553112","M0002C2Z30"
"1920","25056","16.594667","25056","0","1511554912","19860","0","0","1511554012","M0002C2Z30"
"1975","25040","17.14874","25040","0","1511554912","19860","0","0","1511554072","M0002C2Z30"
"2038","25160","17.783407","25160","0","1511554912","19860","0","0","1511554132","M0002C2Z30"
"2065","8660","18.055407","8660","0","1511554912","19860","0","0","1511554192","M0002C2Z30"
"2071","24952","18.115852","24952","0","1511554912","19860","0","0","1511554252","M0002C2Z30"
"2089","24876","18.297186","24876","0","1511554912","19860","0","0","1511554312","M0002C2Z30"
"2104","24848","18.448296","24848","0","1511554912","19860","0","0","1511554372","M0002C2Z30"
"2119","24756","18.599407","24756","0","1511554912","19860","0","0","1511554432","M0002C2Z30"
"2132","24652","18.730371","24652","0","1511554912","19860","0","0","1511554492","M0002C2Z30"
"2136","24528","18.770668","24528","0","1511554912","19860","0","0","1511554552","M0002C2Z30"
"2129","40576","18.70015","40576","0","1511554912","19860","0","0","1511554612","M0002C2Z30"
"2122","40328","18.629631","40328","0","1511554912","19860","0","0","1511554672","M0002C2Z30"
"2131","40260","18.720297","40260","0","1511554912","19860","0","0","1511554732","M0002C2Z30"
"2147","40300","18.881483","40300","0","1511554912","19860","0","0","1511554792","M0002C2Z30"
"2163","40312","19.042667","40312","0","1511554912","19860","0","0","1511554852","M0002C2Z30"
"2177","40472","19.183704","40472","0","1511554912","19860","0","0","1511554912","M0002C2Z30"
"0","25658","-2.7475557","25658","1","1511550731","1295880","0","0","1511521031","M0001VCNXM"
"0","25542","-2.7475557","25542","1","1511550731","1295880","0","0","1511521931","M0001VCNXM"
"0","25462","-2.7475557","25462","1","1511550731","1295880","0","0","1511522831","M0001VCNXM"
"0","25502","-2.7475557","25502","1","1511550731","1295880","0","0","1511523731","M0001VCNXM"
"0","25514","-2.7475557","25514","1","1511550731","1295880","0","0","1511524631","M0001VCNXM"
"0","25594","-2.7475557","25594","1","1511550731","1295880","0","0","1511525531","M0001VCNXM"
"0","25658","-2.7475557","25658","1","1511550731","1295880","0","0","1511526431","M0001VCNXM"
"0","25674","-2.7475557","25674","1","1511550731","1295880","0","0","1511527331","M0001VCNXM"
"0","25706","-2.7475557","25706","1","1511550731","1295880","0","0","1511528231","M0001VCNXM"
"0","25670","-2.7475557","25670","1","1511550731","1295880","0","0","1511529131","M0001VCNXM"
"0","25638","-2.7475557","25638","1","1511550731","1295880","0","0","1511530031","M0001VCNXM"
"0","25630","-2.7475557","25630","1","1511550731","1295880","0","0","1511530931","M0001VCNXM"
"0","25750","-2.7475557","25750","1","1511550731","1295880","0","0","1511531831","M0001VCNXM"
"0","25710","-2.7475557","25710","1","1511550731","1295880","0","0","1511532731","M0001VCNXM"
"0","25690","-2.7475557","25690","1","1511550731","1295880","0","0","1511533631","M0001VCNXM"
"0","25674","-2.7475557","25674","1","1511550731","1295880","0","0","1511534531","M0001VCNXM"
"0","25554","-2.7475557","25554","1","1511550731","1295880","0","0","1511535431","M0001VCNXM"
"0","25502","-2.7475557","25502","1","1511550731","1295880","0","0","1511536331","M0001VCNXM"
"0","25446","-2.7475557","25446","1","1511550731","1295880","0","0","1511537231","M0001VCNXM"
"0","25346","-2.7475557","25346","1","1511550731","1295880","0","0","1511538131","M0001VCNXM"
"0","25358","-2.7475557","25358","1","1511550731","1295880","0","0","1511539031","M0001VCNXM"
"0","25322","-2.7475557","25322","1","1511550731","1295880","0","0","1511539931","M0001VCNXM"
"0","25210","-2.7475557","25210","1","1511550731","1295880","0","0","1511540831","M0001VCNXM"
"0","8834","-2.7475557","8834","1","1511550731","1295880","0","0","1511541731","M0001VCNXM"
"0","25138","-2.7475557","25138","1","1511550731","1295880","0","0","1511542631","M0001VCNXM"
"0","24986","-2.7475557","24986","1","1511550731","1295880","0","0","1511543531","M0001VCNXM"
"2512","7476","22.55852","7476","1","1511550731","1295880","0","0","1511544431","M0001VCNXM"
"2568","7308","23.122667","7308","1","1511550731","1295880","0","0","1511545331","M0001VCNXM"
"2468","7492","22.11526","7492","1","1511550731","1295880","0","0","1511546231","M0001VCNXM"
"2482","23468","22.256296","23468","1","1511550731","1295880","0","0","1511547131","M0001VCNXM"
"2383","7472","21.258965","7472","1","1511550731","1295880","0","0","1511548031","M0001VCNXM"
"2364","7844","21.067556","7844","1","1511550731","1295880","0","0","1511548931","M0001VCNXM"
"15","25690","-2.5964446","25690","0","1511550731","1295880","0","0","1511549831","M0001VCNXM"
"15","25686","-2.5964446","25686","0","1511550731","1295880","0","0","1511549891","M0001VCNXM"
"15","25686","-2.5964446","25686","0","1511550731","1295880","0","0","1511549951","M0001VCNXM"
"16","25690","-2.5863705","25690","0","1511550731","1295880","0","0","1511550011","M0001VCNXM"
"15","25690","-2.5964446","25690","0","1511550731","1295880","0","0","1511550071","M0001VCNXM"
"16","25678","-2.5863705","25678","0","1511550731","1295880","0","0","1511550131","M0001VCNXM"
"15","25674","-2.5964446","25674","0","1511550731","1295880","0","0","1511550191","M0001VCNXM"
"15","25666","-2.5964446","25666","0","1511550731","1295880","0","0","1511550251","M0001VCNXM"
"16","25682","-2.5863705","25682","0","1511550731","1295880","0","0","1511550311","M0001VCNXM"
"15","25666","-2.5964446","25666","0","1511550731","1295880","0","0","1511550371","M0001VCNXM"
"16","25654","-2.5863705","25654","0","1511550731","1295880","0","0","1511550431","M0001VCNXM"
"16","25654","-2.5863705","25654","0","1511550731","1295880","0","0","1511550491","M0001VCNXM"
"15","25658","-2.5964446","25658","0","1511550731","1295880","0","0","1511550551","M0001VCNXM"
"16","25646","-2.5863705","25646","0","1511550731","1295880","0","0","1511550611","M0001VCNXM"
"16","25626","-2.5863705","25626","0","1511550731","1295880","0","0","1511550671","M0001VCNXM"
"14","25626","-2.6065187","25626","0","1511550731","1295880","0","0","1511550731","M0001VCNXM"
"0","32766","-2.7475557","32766","1","1511550180","430320","0","0","1511520480","M000285DRH"
"0","32766","-2.7475557","32766","1","1511550180","430320","0","0","1511521380","M000285DRH"
"24","65534","-2.505778","65534","0","1511550180","430320","0","0","1511549280","M000285DRH"
"11","65534","-2.636741","65534","0","1511550180","430320","0","0","1511549340","M000285DRH"
"16","65534","-2.5863705","65534","0","1511550180","430320","0","0","1511549400","M000285DRH"
"6","49150","-2.6871114","49150","0","1511550180","430320","0","0","1511549460","M000285DRH"
"24","49150","-2.505778","49150","0","1511550180","430320","0","0","1511549520","M000285DRH"
"11","49150","-2.636741","49150","0","1511550180","430320","0","0","1511549580","M000285DRH"
"13","49150","-2.6165926","49150","0","1511550180","430320","0","0","1511549640","M000285DRH"
"12","32766","-2.6266668","32766","0","1511550180","430320","0","0","1511549700","M000285DRH"
"15","16382","-2.5964446","16382","0","1511550180","430320","0","0","1511549760","M000285DRH"
"15","49150","-2.5964446","49150","0","1511550180","430320","0","0","1511549820","M000285DRH"
"17","32766","-2.5762966","32766","0","1511550180","430320","0","0","1511549880","M000285DRH"
"18","65534","-2.5662222","65534","0","1511550180","430320","0","0","1511549940","M000285DRH"
"21","49150","-2.5360003","49150","0","1511550180","430320","0","0","1511550000","M000285DRH"
"19","32766","-2.5561483","32766","0","1511550180","430320","0","0","1511550060","M000285DRH"
"19","32766","-2.5561483","32766","0","1511550180","430320","0","0","1511550120","M000285DRH"
"20","32766","-2.5460744","32766","0","1511550180","430320","0","0","1511550180","M000285DRH"
"32768","9414","-2.7475557","9414","1","1511547977","428100","0","0","1511518277","M000285DRH"
"197","57588","-0.76296306","57588","0","1511547977","428100","0","0","1511547077","M000285DRH"
"295","57372","0.2242964","57372","0","1511547977","428100","0","0","1511547137","M000285DRH"
"461","57364","1.8965929","57364","0","1511547977","428100","0","0","1511547197","M000285DRH"
"715","57360","4.455408","57360","0","1511547977","428100","0","0","1511547257","M000285DRH"
"1063","57348","7.961186","57348","0","1511547977","428100","0","0","1511547317","M000285DRH"
"1436","57340","11.718815","57340","0","1511547977","428100","0","0","1511547377","M000285DRH"
"1767","57416","15.053333","57416","0","1511547977","428100","0","0","1511547437","M000285DRH"
"35071","57374","20.45304","57374","0","1511547977","428100","0","0","1511547497","M000285DRH"
"33849","57386","8.14252","57386","0","1511547977","428100","0","0","1511547557","M000285DRH"
"48","9414","-2.2640002","9414","0","1511547977","428100","0","0","1511547617","M000285DRH"
"33333","9614","2.9442964","9614","0","1511547977","428100","0","0","1511547677","M000285DRH"
"33918","9734","8.83763","9734","0","1511547977","428100","0","0","1511547737","M000285DRH"
"0","8986","-2.7475557","8986","1","1511547246","427380","0","0","1511517546","M000285DRH"
"1817","9892","15.557037","9892","0","1511547246","427380","0","0","1511546346","M000285DRH"
"2001","9876","17.410667","9876","0","1511547246","427380","0","0","1511546406","M000285DRH"
"2212","9856","19.536295","9856","0","1511547246","427380","0","0","1511546466","M000285DRH"
"2328","26216","20.70489","26216","0","1511547246","427380","0","0","1511546526","M000285DRH"
"2320","26204","20.624296","26204","0","1511547246","427380","0","0","1511546586","M000285DRH"
"34151","26262","11.18489","26262","0","1511547246","427380","0","0","1511546646","M000285DRH"
"33659","10058","6.228445","10058","0","1511547246","427380","0","0","1511546706","M000285DRH"
"33402","9742","3.6394076","9742","0","1511547246","427380","0","0","1511546766","M000285DRH"
"13","8922","-2.6165926","8922","0","1511547246","427380","0","0","1511546826","M000285DRH"
"11","8950","-2.636741","8950","0","1511547246","427380","0","0","1511546886","M000285DRH"
"11","9046","-2.636741","9046","0","1511547246","427380","0","0","1511546946","M000285DRH"
"10","9026","-2.646815","9026","0","1511547246","427380","0","0","1511547006","M000285DRH"
"14","8986","-2.6065187","8986","0","1511547246","427380","0","0","1511547066","M000285DRH"
"14","58050","-2.6065187","58050","0","1511547246","427380","0","0","1511547126","M000285DRH"
"14","8798","-2.6065187","8798","0","1511547246","427380","0","0","1511547186","M000285DRH"
"12","8946","-2.6266668","8946","0","1511546330","426420","0","0","1511545430","M000285DRH"
"0","57994","-2.7475557","57994","1","1511546290","426420","0","0","1511516590","M000285DRH"
"0","57946","-2.7475557","57946","1","1511546290","426420","0","0","1511517490","M000285DRH"
"0","9034","-2.7475557","9034","1","1511546290","426420","0","0","1511518390","M000285DRH"
"0","8890","-2.7475557","8890","1","1511546290","426420","0","0","1511519290","M000285DRH"
"0","8738","-2.7475557","8738","1","1511546290","426420","0","0","1511520190","M000285DRH"
"0","8862","-2.7475557","8862","1","1511546290","426420","0","0","1511521090","M000285DRH"
"0","8558","-2.7475557","8558","1","1511546290","426420","0","0","1511521990","M000285DRH"
"0","9066","-2.7475557","9066","1","1511546290","426420","0","0","1511522890","M000285DRH"
"0","8934","-2.7475557","8934","1","1511546290","426420","0","0","1511523790","M000285DRH"
"0","9214","-2.7475557","9214","1","1511546290","426420","0","0","1511524690","M000285DRH"
"0","9082","-2.7475557","9082","1","1511546290","426420","0","0","1511525590","M000285DRH"
"0","9098","-2.7475557","9098","1","1511546290","426420","0","0","1511526490","M000285DRH"
"1092","39152","8.253334","39152","1","1511546290","426420","0","0","1511527390","M000285DRH"
"1201","38868","9.351408","38868","1","1511546290","426420","0","0","1511528290","M000285DRH"
"1115","39436","8.485037","39436","1","1511546290","426420","0","0","1511529190","M000285DRH"
"1127","39628","8.6059265","39628","1","1511546290","426420","0","0","1511530090","M000285DRH"
"1010","39692","7.4272594","39692","1","1511546290","426420","0","0","1511530990","M000285DRH"
"1105","39712","8.384296","39712","1","1511546290","426420","0","0","1511531890","M000285DRH"
"1436","39744","11.718815","39744","1","1511546290","426420","0","0","1511532790","M000285DRH"
"1694","23028","14.317927","23028","1","1511546290","426420","0","0","1511533690","M000285DRH"
"1807","22992","15.456295","22992","1","1511546290","426420","0","0","1511534590","M000285DRH"
"1878","56592","16.171556","56592","1","1511546290","426420","0","0","1511535490","M000285DRH"
"2039","56724","17.793482","56724","1","1511546290","426420","0","0","1511536390","M000285DRH"
"2299","22040","20.41274","22040","1","1511546290","426420","0","0","1511537290","M000285DRH"
"2104","38796","18.448296","38796","1","1511546290","426420","0","0","1511538190","M000285DRH"
"1945","22692","16.84652","22692","1","1511546290","426420","0","0","1511539090","M000285DRH"
"1726","56320","14.640296","56320","1","1511546290","426420","0","0","1511539990","M000285DRH"
"1597","39908","13.34074","39908","1","1511546290","426420","0","0","1511540890","M000285DRH"
"1593","56648","13.300446","56648","1","1511546290","426420","0","0","1511541790","M000285DRH"
"1746","39748","14.841778","39748","1","1511546290","426420","0","0","1511542690","M000285DRH"
"1655","56396","13.925037","56396","1","1511546290","426420","0","0","1511543590","M000285DRH"
"1746","39848","14.841778","39848","1","1511546290","426420","0","0","1511544490","M000285DRH"
"12","8730","-2.6266668","8730","0","1511546290","426420","0","0","1511545390","M000285DRH"
"12","9010","-2.6266668","9010","0","1511546290","426420","0","0","1511545450","M000285DRH"
"13","9026","-2.6165926","9026","0","1511546290","426420","0","0","1511545510","M000285DRH"
"11","8974","-2.636741","8974","0","1511546290","426420","0","0","1511545570","M000285DRH"
"12","9014","-2.6266668","9014","0","1511546290","426420","0","0","1511545630","M000285DRH"
"11","8926","-2.636741","8926","0","1511546290","426420","0","0","1511545690","M000285DRH"
"10","9166","-2.646815","9166","0","1511546290","426420","0","0","1511545750","M000285DRH"
"10","9150","-2.646815","9150","0","1511546290","426420","0","0","1511545810","M000285DRH"
"13","9018","-2.6165926","9018","0","1511546290","426420","0","0","1511545870","M000285DRH"
"14","8934","-2.6065187","8934","0","1511546290","426420","0","0","1511545930","M000285DRH"
"11","8934","-2.636741","8934","0","1511546290","426420","0","0","1511545990","M000285DRH"
"12","57994","-2.6266668","57994","0","1511546290","426420","0","0","1511546050","M000285DRH"
"14","9026","-2.6065187","9026","0","1511546290","426420","0","0","1511546110","M000285DRH"
"12","57974","-2.6266668","57974","0","1511546290","426420","0","0","1511546170","M000285DRH"
"14","25318","-2.6065187","25318","0","1511546290","426420","0","0","1511546230","M000285DRH"
"9","8854","-2.656889","8854","0","1511546290","426420","0","0","1511546290","M000285DRH"
