timestamp,hex
1509978231933,5A9C05092300C0D6E5002300C0D2E5002200C0D6E5002300C0D2E5002400C0CAE5002400C0E2E5002400C0DEE5002400C0DAE5002500C0DAE5002500C0DAE5002400C0DEE5002300C0DEE5002300C0DAE5002500C0DEE5002400C0DEE5002300C0DAE5000000C05225010000C032E5000000C04A25010000C08AE5000000C096E5000000C08625010000C08AE5000000C0D2E5000000C0DEE5000000C04A23010000C0B223010000C0F223010000C05624010000C09624010000C09224010000C00A24010000C01A24010000C05624010000C03A24010000C02A24010000C046E4000000C036E4000000C05224010000C07624010000C08AE4000000C082E4000000C0B2E4000000C0EEE4000000C0FAE4000000C0DEE4000000C0F624010000C03E2501065400001BA200082306365100000000000000000000000000000000
1509982125839,5A9C05092300C0D6E5002300C0D2E5002200C0D6E5002300C0D2E5002400C0CAE5002400C0E2E5002400C0DEE5002400C0DAE5002500C0DAE5002500C0DAE5002400C0DEE5002300C0DEE5002300C0DAE5002500C0DEE5002400C0DEE5002300C0DAE5000000C05225010000C032E5000000C04A25010000C08AE5000000C096E5000000C08625010000C08AE5000000C0D2E5000000C0DEE5000000C04A23010000C0B223010000C0F223010000C05624010000C09624010000C09224010000C00A24010000C01A24010000C05624010000C03A24010000C02A24010000C046E4000000C036E4000000C05224010000C07624010000C08AE4000000C082E4000000C0B2E4000000C0EEE4000000C0FAE4000000C0DEE4000000C0F624010000C03E2501065400001BA200082306365100000000000000000000000000000000
1509984007675,5A9C05092300C0D6E5002300C0D2E5002200C0D6E5002300C0D2E5002400C0CAE5002400C0E2E5002400C0DEE5002400C0DAE5002500C0DAE5002500C0DAE5002400C0DEE5002300C0DEE5002300C0DAE5002500C0DEE5002400C0DEE5002300C0DAE5000000C05225010000C032E5000000C04A25010000C08AE5000000C096E5000000C08625010000C08AE5000000C0D2E5000000C0DEE5000000C04A23010000C0B223010000C0F223010000C05624010000C09624010000C09224010000C00A24010000C01A24010000C05624010000C03A24010000C02A24010000C046E4000000C036E4000000C05224010000C07624010000C08AE4000000C082E4000000C0B2E4000000C0EEE4000000C0FAE4000000C0DEE4000000C0F624010000C03E2501065400001BA200082306365100000000000000000000000000000000
1509984013397,5A9C05092300C0D6E5002300C0D2E5002200C0D6E5002300C0D2E5002400C0CAE5002400C0E2E5002400C0DEE5002400C0DAE5002500C0DAE5002500C0DAE5002400C0DEE5002300C0DEE5002300C0DAE5002500C0DEE5002400C0DEE5002300C0DAE5000000C05225010000C032E5000000C04A25010000C08AE5000000C096E5000000C08625010000C08AE5000000C0D2E5000000C0DEE5000000C04A23010000C0B223010000C0F223010000C05624010000C09624010000C09224010000C00A24010000C01A24010000C05624010000C03A24010000C02A24010000C046E4000000C036E4000000C05224010000C07624010000C08AE4000000C082E4000000C0B2E4000000C0EEE4000000C0FAE4000000C0DEE4000000C0F624010000C03E2501065400001BA200082306365100000000000000000000000000000000
1509984077504,5A9C05092300C0D6E5002300C0D2E5002200C0D6E5002300C0D2E5002400C0CAE5002400C0E2E5002400C0DEE5002400C0DAE5002500C0DAE5002500C0DAE5002400C0DEE5002300C0DEE5002300C0DAE5002500C0DEE5002400C0DEE5002300C0DAE5000000C05225010000C032E5000000C04A25010000C08AE5000000C096E5000000C08625010000C08AE5000000C0D2E5000000C0DEE5000000C04A23010000C0B223010000C0F223010000C05624010000C09624010000C09224010000C00A24010000C01A24010000C05624010000C03A24010000C02A24010000C046E4000000C036E4000000C05224010000C07624010000C08AE4000000C082E4000000C0B2E4000000C0EEE4000000C0FAE4000000C0DEE4000000C0F624010000C03E2501065400001BA200082306365100000000000000000000000000000000
1509984196384,5A9C05092300C0D6E5002300C0D2E5002200C0D6E5002300C0D2E5002400C0CAE5002400C0E2E5002400C0DEE5002400C0DAE5002500C0DAE5002500C0DAE5002400C0DEE5002300C0DEE5002300C0DAE5002500C0DEE5002400C0DEE5002300C0DAE5000000C05225010000C032E5000000C04A25010000C08AE5000000C096E5000000C08625010000C08AE5000000C0D2E5000000C0DEE5000000C04A23010000C0B223010000C0F223010000C05624010000C09624010000C09224010000C00A24010000C01A24010000C05624010000C03A24010000C02A24010000C046E4000000C036E4000000C05224010000C07624010000C08AE4000000C082E4000000C0B2E4000000C0EEE4000000C0FAE4000000C0DEE4000000C0F624010000C03E2501065400001BA200082306365100000000000000000000000000000000
1509984216988,F9E4011F9702C8BC5D008F02C8749D008C02C8749D008A02C8685D008A02C8985D008A02C87C5D008702C88C9D008402C8945D008202C8B49D007E02C89C5D007E02C89C5D007D02C8A05D007802C8945D007D02C8CC5D007E02C8BC5D008102C8905D002A03C8F45701D502C8001801D902C8BC1701DE02C850DA00C302C8349B00C302C8B49B001203C8649C004903C8049C001603C8C01901C202C8E0DA009B02C8089C009802C8B49B009802C81CDB00E302C8CC18011703C86C9C00D702C8789C00D302C8809C00AD02C8AC9C00AA02C83C5E007E02C8A85E006E02C8545F007202C8945F009502C88C1F809002C8B45E008B02C8209E009402C82C5E009F02C8F09D009F02C8BCDB007302C8D09D008402C8909D008F02C8909D008703C8345801C22100009F2100082E06615100000000000000000000000000000000
1509984226429,5A9C05092300C0D6E5002300C0D2E5002200C0D6E5002300C0D2E5002400C0CAE5002400C0E2E5002400C0DEE5002400C0DAE5002500C0DAE5002500C0DAE5002400C0DEE5002300C0DEE5002300C0DAE5002500C0DEE5002400C0DEE5002300C0DAE5000000C05225010000C032E5000000C04A25010000C08AE5000000C096E5000000C08625010000C08AE5000000C0D2E5000000C0DEE5000000C04A23010000C0B223010000C0F223010000C05624010000C09624010000C09224010000C00A24010000C01A24010000C05624010000C03A24010000C02A24010000C046E4000000C036E4000000C05224010000C07624010000C08AE4000000C082E4000000C0B2E4000000C0EEE4000000C0FAE4000000C0DEE4000000C0F624010000C03E2501065400001BA200082306365100000000000000000000000000000000
1509984294924,A70402009702C8BC5D00890288AA5D008C02C8749D008A02C8685D008A02C8985D008A02C87C5D008702C88C9D008402C8945D008202C8B49D007E02C89C5D007E02C89C5D007D02C8A05D007802C8945D007D02C8CC5D007E02C8BC5D008102C8905D002A03C8F45701D502C8001801D902C8BC1701DE02C850DA00C302C8349B00C302C8B49B001203C8649C004903C8049C001603C8C01901C202C8E0DA009B02C8089C009802C8B49B009802C81CDB00E302C8CC18011703C86C9C00D702C8789C00D302C8809C00AD02C8AC9C00AA02C83C5E007E02C8A85E006E02C8545F007202C8945F009502C88C1F809002C8B45E008B02C8209E009402C82C5E009F02C8F09D009F02C8BCDB007302C8D09D008402C8909D008F02C8909D008402C8905D00C32100009F2100082E06615100000000000000000000000000000000
1509984315086,5A9C05092300C0D6E5002300C0D2E5002200C0D6E5002300C0D2E5002400C0CAE5002400C0E2E5002400C0DEE5002400C0DAE5002500C0DAE5002500C0DAE5002400C0DEE5002300C0DEE5002300C0DAE5002500C0DEE5002400C0DEE5002300C0DAE5000000C05225010000C032E5000000C04A25010000C08AE5000000C096E5000000C08625010000C08AE5000000C0D2E5000000C0DEE5000000C04A23010000C0B223010000C0F223010000C05624010000C09624010000C09224010000C00A24010000C01A24010000C05624010000C03A24010000C02A24010000C046E4000000C036E4000000C05224010000C07624010000C08AE4000000C082E4000000C0B2E4000000C0EEE4000000C0FAE4000000C0DEE4000000C0F624010000C03E2501065400001BA200082306365100000000000000000000000000000000
1509984404700,5A9C05092300C0D6E5002300C0D2E5002200C0D6E5002300C0D2E5002400C0CAE5002400C0E2E5002400C0DEE5002400C0DAE5002500C0DAE5002500C0DAE5002400C0DEE5002300C0DEE5002300C0DAE5002500C0DEE5002400C0DEE5002300C0DAE5000000C05225010000C032E5000000C04A25010000C08AE5000000C096E5000000C08625010000C08AE5000000C0D2E5000000C0DEE5000000C04A23010000C0B223010000C0F223010000C05624010000C09624010000C09224010000C00A24010000C01A24010000C05624010000C03A24010000C02A24010000C046E4000000C036E4000000C05224010000C07624010000C08AE4000000C082E4000000C0B2E4000000C0EEE4000000C0FAE4000000C0DEE4000000C0F624010000C03E2501065400001BA200082306365100000000000000000000000000000000
1509984551104,5A9C05092300C0D6E5002300C0D2E5002200C0D6E5002300C0D2E5002400C0CAE5002400C0E2E5002400C0DEE5002400C0DAE5002500C0DAE5002500C0DAE5002400C0DEE5002300C0DEE5002300C0DAE5002500C0DEE5002400C0DEE5002300C0DAE5000000C05225010000C032E5000000C04A25010000C08AE5000000C096E5000000C08625010000C08AE5000000C0D2E5000000C0DEE5000000C04A23010000C0B223010000C0F223010000C05624010000C09624010000C09224010000C00A24010000C01A24010000C05624010000C03A24010000C02A24010000C046E4000000C036E4000000C05224010000C07624010000C08AE4000000C082E4000000C0B2E4000000C0EEE4000000C0FAE4000000C0DEE4000000C0F624010000C03E2501065400001BA200082306365100000000000000000000000000000000
1509984628030,5A9C05092300C0D6E5002300C0D2E5002200C0D6E5002300C0D2E5002400C0CAE5002400C0E2E5002400C0DEE5002400C0DAE5002500C0DAE5002500C0DAE5002400C0DEE5002300C0DEE5002300C0DAE5002500C0DEE5002400C0DEE5002300C0DAE5000000C05225010000C032E5000000C04A25010000C08AE5000000C096E5000000C08625010000C08AE5000000C0D2E5000000C0DEE5000000C04A23010000C0B223010000C0F223010000C05624010000C09624010000C09224010000C00A24010000C01A24010000C05624010000C03A24010000C02A24010000C046E4000000C036E4000000C05224010000C07624010000C08AE4000000C082E4000000C0B2E4000000C0EEE4000000C0FAE4000000C0DEE4000000C0F624010000C03E2501065400001BA200082306365100000000000000000000000000000000
1509984653380,75A70F09D306C8141D80D406C83C1D80DF06C8641D80EF06C8841D80F506C8A81D800507C8A41D800B07C8A01D800907C8BC1D800307C8A81D80FB06C8AC1D80FA06C8A01D80FC06C8A01D80FE06C8B81D800507C8B81D800A07C8981D80D706C8341D80B803C81C5F807204C8381D803805C8641D809805C8CC1C809E05C8941D80CB05C8F81E804A06C8701D809906C8541C800307C8A01D80B304C8705600EA03C8CC1D80CE03C8905F80E103C8F01D80F703C8485E80B303C8445F80C003C8241F809703C8A41D800E04C86C1D801B05C8DC1C807906C8E01B800F08C8481C803B08C8241F805008C8D45F800E08C8885F80DB06C85C2080EE05C8C06080CA05C8741F802F05C8546180A204C87062801004C8AC6280C903C8082180CF03C8C85F802F0600001AFD000827068E5100000000000000000000000000000000
1509984663130,FBBD0F09D306C8141D80D406C83C1D80DF06C8641D80EF06C8841D80F506C8A81D800507C8A41D800B07C8A01D800907C8BC1D800307C8A81D80FB06C8AC1D80FA06C8A01D80FC06C8A01D80FE06C8B81D800507C8B81D800A07C8981D80D706C8341D80B803C81C5F807204C8381D803805C8641D809805C8CC1C809E05C8941D80CB05C8F81E804A06C8701D809906C8541C800307C8A01D80B304C8705600EA03C8CC1D80CE03C8905F80E103C8F01D80F703C8485E80B303C8445F80C003C8241F809703C8A41D800E04C86C1D801B05C8DC1C807906C8E01B800F08C8481C803B08C8241F805008C8D45F800E08C8885F80DB06C85C2080EE05C8C06080CA05C8741F802F05C8546180A204C87062801004C8AC6280C903C8082180CF03C8C85F80300600001AFD000827068E5100000000000000000000000000000000
1509985140395,5A9C05092300C0D6E5002300C0D2E5002200C0D6E5002300C0D2E5002400C0CAE5002400C0E2E5002400C0DEE5002400C0DAE5002500C0DAE5002500C0DAE5002400C0DEE5002300C0DEE5002300C0DAE5002500C0DEE5002400C0DEE5002300C0DAE5000000C05225010000C032E5000000C04A25010000C08AE5000000C096E5000000C08625010000C08AE5000000C0D2E5000000C0DEE5000000C04A23010000C0B223010000C0F223010000C05624010000C09624010000C09224010000C00A24010000C01A24010000C05624010000C03A24010000C02A24010000C046E4000000C036E4000000C05224010000C07624010000C08AE4000000C082E4000000C0B2E4000000C0EEE4000000C0FAE4000000C0DEE4000000C0F624010000C03E2501065400001BA200082306365100000000000000000000000000000000
1509985997037,5A9C05092300C0D6E5002300C0D2E5002200C0D6E5002300C0D2E5002400C0CAE5002400C0E2E5002400C0DEE5002400C0DAE5002500C0DAE5002500C0DAE5002400C0DEE5002300C0DEE5002300C0DAE5002500C0DEE5002400C0DEE5002300C0DAE5000000C05225010000C032E5000000C04A25010000C08AE5000000C096E5000000C08625010000C08AE5000000C0D2E5000000C0DEE5000000C04A23010000C0B223010000C0F223010000C05624010000C09624010000C09224010000C00A24010000C01A24010000C05624010000C03A24010000C02A24010000C046E4000000C036E4000000C05224010000C07624010000C08AE4000000C082E4000000C0B2E4000000C0EEE4000000C0FAE4000000C0DEE4000000C0F624010000C03E2501065400001BA200082306365100000000000000000000000000000000
1509986254250,AD28090B4F08C8FC5A006E08C8B85A007008C8845A007C08C8505A008F08C8341A809C08C81C5A00AF08C8685A00AF08C8FC5A00A308C8401B809E07C8901D80BD07C80C1D80D307C89C1C80E507C8381C80F707C8E01B801308C8945B003308C8441B80B803C81C5F807204C8381D803805C8641D809805C8CC1C809E05C8941D80CB05C8F81E804A06C8701D809906C8541C800307C8A01D803D07C8D81D808E08C8341A80CE03C8905F80E103C8F01D80F703C8485E80B303C8445F80C003C8241F809703C8A41D800E04C86C1D801B05C8DC1C807906C8E01B800F08C8481C803B08C8241F805008C8D45F800E08C8885F80DB06C85C2080EE05C8C06080CA05C8741F802F05C8546180A204C87062801004C8AC6280C903C8082180CF03C8C85F804A0600001AFD000827068E5100000000000000000000000000000000
1509990528664,5A9C05092300C0D6E5002300C0D2E5002200C0D6E5002300C0D2E5002400C0CAE5002400C0E2E5002400C0DEE5002400C0DAE5002500C0DAE5002500C0DAE5002400C0DEE5002300C0DEE5002300C0DAE5002500C0DEE5002400C0DEE5002300C0DAE5000000C05225010000C032E5000000C04A25010000C08AE5000000C096E5000000C08625010000C08AE5000000C0D2E5000000C0DEE5000000C04A23010000C0B223010000C0F223010000C05624010000C09624010000C09224010000C00A24010000C01A24010000C05624010000C03A24010000C02A24010000C046E4000000C036E4000000C05224010000C07624010000C08AE4000000C082E4000000C0B2E4000000C0EEE4000000C0FAE4000000C0DEE4000000C0F624010000C03E2501065400001BA200082306365100000000000000000000000000000000
1509990921166,5A9C05092300C0D6E5002300C0D2E5002200C0D6E5002300C0D2E5002400C0CAE5002400C0E2E5002400C0DEE5002400C0DAE5002500C0DAE5002500C0DAE5002400C0DEE5002300C0DEE5002300C0DAE5002500C0DEE5002400C0DEE5002300C0DAE5000000C05225010000C032E5000000C04A25010000C08AE5000000C096E5000000C08625010000C08AE5000000C0D2E5000000C0DEE5000000C04A23010000C0B223010000C0F223010000C05624010000C09624010000C09224010000C00A24010000C01A24010000C05624010000C03A24010000C02A24010000C046E4000000C036E4000000C05224010000C07624010000C08AE4000000C082E4000000C0B2E4000000C0EEE4000000C0FAE4000000C0DEE4000000C0F624010000C03E2501065400001BA200082306365100000000000000000000000000000000
1509990925084,5A9C05092300C0D6E5002300C0D2E5002200C0D6E5002300C0D2E5002400C0CAE5002400C0E2E5002400C0DEE5002400C0DAE5002500C0DAE5002500C0DAE5002400C0DEE5002300C0DEE5002300C0DAE5002500C0DEE5002400C0DEE5002300C0DAE5000000C05225010000C032E5000000C04A25010000C08AE5000000C096E5000000C08625010000C08AE5000000C0D2E5000000C0DEE5000000C04A23010000C0B223010000C0F223010000C05624010000C09624010000C09224010000C00A24010000C01A24010000C05624010000C03A24010000C02A24010000C046E4000000C036E4000000C05224010000C07624010000C08AE4000000C082E4000000C0B2E4000000C0EEE4000000C0FAE4000000C0DEE4000000C0F624010000C03E2501065400001BA200082306365100000000000000000000000000000000
1509991052497,5A9C05092300C0D6E5002300C0D2E5002200C0D6E5002300C0D2E5002400C0CAE5002400C0E2E5002400C0DEE5002400C0DAE5002500C0DAE5002500C0DAE5002400C0DEE5002300C0DEE5002300C0DAE5002500C0DEE5002400C0DEE5002300C0DAE5000000C05225010000C032E5000000C04A25010000C08AE5000000C096E5000000C08625010000C08AE5000000C0D2E5000000C0DEE5000000C04A23010000C0B223010000C0F223010000C05624010000C09624010000C09224010000C00A24010000C01A24010000C05624010000C03A24010000C02A24010000C046E4000000C036E4000000C05224010000C07624010000C08AE4000000C082E4000000C0B2E4000000C0EEE4000000C0FAE4000000C0DEE4000000C0F624010000C03E2501065400001BA200082306365100000000000000000000000000000000
1509991703538,5A9C05092300C0D6E5002300C0D2E5002200C0D6E5002300C0D2E5002400C0CAE5002400C0E2E5002400C0DEE5002400C0DAE5002500C0DAE5002500C0DAE5002400C0DEE5002300C0DEE5002300C0DAE5002500C0DEE5002400C0DEE5002300C0DAE5000000C05225010000C032E5000000C04A25010000C08AE5000000C096E5000000C08625010000C08AE5000000C0D2E5000000C0DEE5000000C04A23010000C0B223010000C0F223010000C05624010000C09624010000C09224010000C00A24010000C01A24010000C05624010000C03A24010000C02A24010000C046E4000000C036E4000000C05224010000C07624010000C08AE4000000C082E4000000C0B2E4000000C0EEE4000000C0FAE4000000C0DEE4000000C0F624010000C03E2501065400001BA200082306365100000000000000000000000000000000
1509991775733,5A9C05092300C0D6E5002300C0D2E5002200C0D6E5002300C0D2E5002400C0CAE5002400C0E2E5002400C0DEE5002400C0DAE5002500C0DAE5002500C0DAE5002400C0DEE5002300C0DEE5002300C0DAE5002500C0DEE5002400C0DEE5002300C0DAE5000000C05225010000C032E5000000C04A25010000C08AE5000000C096E5000000C08625010000C08AE5000000C0D2E5000000C0DEE5000000C04A23010000C0B223010000C0F223010000C05624010000C09624010000C09224010000C00A24010000C01A24010000C05624010000C03A24010000C02A24010000C046E4000000C036E4000000C05224010000C07624010000C08AE4000000C082E4000000C0B2E4000000C0EEE4000000C0FAE4000000C0DEE4000000C0F624010000C03E2501065400001BA200082306365100000000000000000000000000000000
1509991798573,C8A80F08A902C89C9B00AC02C8549B00AB02C8509B00AD02C84CDB00AD02C864DB00AF02C840DB00AE02C8309B00AE02C804DB00B002C80CDB00B502C8389B00B902C82CDB00BF02C834DB00C502C82CDB00CC02C8289B00D902C81CDB00A602C8949B00B702C8AC5D009602C8EC5D007E02C8409D007E02C8D89C008402C8AC9C008D02C84C9C009902C8049C00B002C804DB001603C8C01901C202C8E0DA009B02C8089C009802C8B49B009802C81CDB00E302C8CC18011703C86C9C00D702C8789C00D302C8809C00AD02C8AC9C00AA02C83C5E007E02C8A85E006E02C8545F007202C8945F009502C88C1F809002C8B45E008B02C8209E009402C82C5E009F02C8F09D009F02C8BCDB007302C8D09D008402C8909D008F02C8909D008402C8905D00402200009F2100082E06615100000000000000000000000000000000
1509991808785,C8A80F08A902C89C9B00AC02C8549B00AB02C8509B00AD02C84CDB00AD02C864DB00AF02C840DB00AE02C8309B00AE02C804DB00B002C80CDB00B502C8389B00B902C82CDB00BF02C834DB00C502C82CDB00CC02C8289B00D902C81CDB00A602C8949B00B702C8AC5D009602C8EC5D007E02C8409D007E02C8D89C008402C8AC9C008D02C84C9C009902C8049C00B002C804DB001603C8C01901C202C8E0DA009B02C8089C009802C8B49B009802C81CDB00E302C8CC18011703C86C9C00D702C8789C00D302C8809C00AD02C8AC9C00AA02C83C5E007E02C8A85E006E02C8545F007202C8945F009502C88C1F809002C8B45E008B02C8209E009402C82C5E009F02C8F09D009F02C8BCDB007302C8D09D008402C8909D008F02C8909D008402C8905D00402200009F2100082E06615100000000000000000000000000000000
1509991828516,C8A80F08A902C89C9B00AC02C8549B00AB02C8509B00AD02C84CDB00AD02C864DB00AF02C840DB00AE02C8309B00AE02C804DB00B002C80CDB00B502C8389B00B902C82CDB00BF02C834DB00C502C82CDB00CC02C8289B00D902C81CDB00A602C8949B00B702C8AC5D009602C8EC5D007E02C8409D007E02C8D89C008402C8AC9C008D02C84C9C009902C8049C00B002C804DB001603C8C01901C202C8E0DA009B02C8089C009802C8B49B009802C81CDB00E302C8CC18011703C86C9C00D702C8789C00D302C8809C00AD02C8AC9C00AA02C83C5E007E02C8A85E006E02C8545F007202C8945F009502C88C1F809002C8B45E008B02C8209E009402C82C5E009F02C8F09D009F02C8BCDB007302C8D09D008402C8909D008F02C8909D008402C8905D00402200009F2100082E06615100000000000000000000000000000000
1509993464782,5A9C05092300C0D6E5002300C0D2E5002200C0D6E5002300C0D2E5002400C0CAE5002400C0E2E5002400C0DEE5002400C0DAE5002500C0DAE5002500C0DAE5002400C0DEE5002300C0DEE5002300C0DAE5002500C0DEE5002400C0DEE5002300C0DAE5000000C05225010000C032E5000000C04A25010000C08AE5000000C096E5000000C08625010000C08AE5000000C0D2E5000000C0DEE5000000C04A23010000C0B223010000C0F223010000C05624010000C09624010000C09224010000C00A24010000C01A24010000C05624010000C03A24010000C02A24010000C046E4000000C036E4000000C05224010000C07624010000C08AE4000000C082E4000000C0B2E4000000C0EEE4000000C0FAE4000000C0DEE4000000C0F624010000C03E2501065400001BA200082306365100000000000000000000000000000000
1509993605298,AE760D0A9A03C8D4DA00A303C8D4DA00AA03C8D0DA00B103C8D0DA00B503C8CCDA00BB03C8C8DA00C103C8C8DA00C503C8D4DA00C803C834DB00CB03C828DB00C703C814DB00CB03C804DB00CA03C82CDB008703C8C4DA008E03C8C89A009303C8D0DA00B702C8AC5D009602C8EC5D007E02C8409D007E02C8D89C008402C8AC9C008D02C84C9C009902C8049C00B002C804DB004B03C804DB00BB03C8C8DA009B02C8089C009802C8B49B009802C81CDB00E302C8CC18011703C86C9C00D702C8789C00D302C8809C00AD02C8AC9C00AA02C83C5E007E02C8A85E006E02C8545F007202C8945F009502C88C1F809002C8B45E008B02C8209E009402C82C5E009F02C8F09D009F02C8BCDB007302C8D09D008402C8909D008F02C8909D008402C8905D005E2200009F2100082E06615100000000000000000000000000000000
1509993903408,5F64020AC403C840DB00C003C848DB00AA03C8D0DA00B103C8D0DA00B503C8CCDA00BB03C8C8DA00C103C8C8DA00C503C8D4DA00C803C834DB00CB03C828DB00C703C814DB00CB03C804DB00CA03C82CDB00C903C83CDB00C803C834DB00C603C83C9B00B702C8AC5D009602C8EC5D007E02C8409D007E02C8D89C008402C8AC9C008D02C84C9C009902C8049C00B002C804DB004B03C804DB00BB03C8C8DA009B02C8089C009802C8B49B009802C81CDB00E302C8CC18011703C86C9C00D702C8789C00D302C8809C00AD02C8AC9C00AA02C83C5E007E02C8A85E006E02C8545F007202C8945F009502C88C1F809002C8B45E008B02C8209E009402C82C5E009F02C8F09D009F02C8BCDB007302C8D09D008402C8909D008F02C8909D008402C8905D00632200009F2100082E06615100000000000000000000000000000000
1509994465428,E1AF0C0BC403C840DB00C003C848DB00BF03C8C09B00BC03C884DB00BB03C8809B00B903C894DB00B603C8649B00B303C850DB00B003C840DB00B203C838DB00AF03C8509B00B00388B65B00CA03C82CDB00C903C83CDB00C803C834DB00C603C83C9B00B702C8AC5D009602C8EC5D007E02C8409D007E02C8D89C008402C8AC9C008D02C84C9C009902C8049C00B002C804DB004B03C804DB00BB03C8C8DA00BA03C8809B009802C8B49B009802C81CDB00E302C8CC18011703C86C9C00D702C8789C00D302C8809C00AD02C8AC9C00AA02C83C5E007E02C8A85E006E02C8545F007202C8945F009502C88C1F809002C8B45E008B02C8209E009402C82C5E009F02C8F09D009F02C8BCDB007302C8D09D008402C8909D008F02C8909D008402C8905D006C2200009F2100082E06615100000000000000000000000000000000
1509994517862,D9720C0BC403C840DB00C003C848DB00BF03C8C09B00BC03C884DB00BB03C8809B00B903C894DB00B603C8649B00B303C850DB00B003C840DB00B203C838DB00AF03C8509B00B00388B65B00CA03C82CDB00C903C83CDB00C803C834DB00C603C83C9B00B702C8AC5D009602C8EC5D007E02C8409D007E02C8D89C008402C8AC9C008D02C84C9C009902C8049C00B002C804DB004B03C804DB00BB03C8C8DA00BA03C8809B009802C8B49B009802C81CDB00E302C8CC18011703C86C9C00D702C8789C00D302C8809C00AD02C8AC9C00AA02C83C5E007E02C8A85E006E02C8545F007202C8945F009502C88C1F809002C8B45E008B02C8209E009402C82C5E009F02C8F09D009F02C8BCDB007302C8D09D008402C8909D008F02C8909D008402C8905D006D2200009F2100082E06615100000000000000000000000000000000
1509994584785,693E0D0BC403C840DB00C003C848DB00BF03C8C09B00BC03C884DB00BB03C8809B00B903C894DB00B603C8649B00B303C850DB00B003C840DB00B203C838DB00AF03C8509B00B00388B65B00B403C8C49B00C903C83CDB00C803C834DB00C603C83C9B00B702C8AC5D009602C8EC5D007E02C8409D007E02C8D89C008402C8AC9C008D02C84C9C009902C8049C00B002C804DB004B03C804DB00BB03C8C8DA00BA03C8809B009802C8B49B009802C81CDB00E302C8CC18011703C86C9C00D702C8789C00D302C8809C00AD02C8AC9C00AA02C83C5E007E02C8A85E006E02C8545F007202C8945F009502C88C1F809002C8B45E008B02C8209E009402C82C5E009F02C8F09D009F02C8BCDB007302C8D09D008402C8909D008F02C8909D008402C8905D006E2200009F2100082E06615100000000000000000000000000000000
1509994688297,0B8A0F0BC403C840DB00C003C848DB00BF03C8C09B00BC03C884DB00BB03C8809B00B903C894DB00B603C8649B00B303C850DB00B003C840DB00B203C838DB00AF03C8509B00B00388B65B00B403C8C49B00AC0388B69B00AF03C8AC9B00C603C83C9B00B702C8AC5D009602C8EC5D007E02C8409D007E02C8D89C008402C8AC9C008D02C84C9C009902C8049C00B002C804DB004B03C804DB00BB03C8C8DA00BA03C8809B009802C8B49B009802C81CDB00E302C8CC18011703C86C9C00D702C8789C00D302C8809C00AD02C8AC9C00AA02C83C5E007E02C8A85E006E02C8545F007202C8945F009502C88C1F809002C8B45E008B02C8209E009402C82C5E009F02C8F09D009F02C8BCDB007302C8D09D008402C8909D008F02C8909D008402C8905D00702200009F2100082E06615100000000000000000000000000000000
1509995083232,037D060CA803C8C89B00A803C8E09B00A703C8F49B009303C8149C009803C81C9C009203C8D89B00B603C8649B00B303C850DB00B003C840DB00B203C838DB00AF03C8509B00B00388B65B00B403C8C49B00AC0388B69B00AF03C8AC9B00B103C8B89B00B702C8AC5D009602C8EC5D007E02C8409D007E02C8D89C008402C8AC9C008D02C84C9C009902C8049C00B002C804DB004B03C804DB00BB03C8C8DA00BA03C8809B009C03C8149C009802C81CDB00E302C8CC18011703C86C9C00D702C8789C00D302C8809C00AD02C8AC9C00AA02C83C5E007E02C8A85E006E02C8545F007202C8945F009502C88C1F809002C8B45E008B02C8209E009402C82C5E009F02C8F09D009F02C8BCDB007302C8D09D008402C8909D008F02C8909D008402C8905D00762200009F2100082E06615100000000000000000000000000000000
1509995244328,8075080CA803C8C89B00A803C8E09B00A703C8F49B009303C8149C009803C81C9C009203C8D89B008A03C8F09B008003C80C9C00B003C840DB00B203C838DB00AF03C8509B00B00388B65B00B403C8C49B00AC0388B69B00AF03C8AC9B00B103C8B89B00B702C8AC5D009602C8EC5D007E02C8409D007E02C8D89C008402C8AC9C008D02C84C9C009902C8049C00B002C804DB004B03C804DB00BB03C8C8DA00BA03C8809B009C03C8149C009802C81CDB00E302C8CC18011703C86C9C00D702C8789C00D302C8809C00AD02C8AC9C00AA02C83C5E007E02C8A85E006E02C8545F007202C8945F009502C88C1F809002C8B45E008B02C8209E009402C82C5E009F02C8F09D009F02C8BCDB007302C8D09D008402C8909D008F02C8909D008402C8905D00792200009F2100082E06615100000000000000000000000000000000
1509995278446,B248090CA803C8C89B00A803C8E09B00A703C8F49B009303C8149C009803C81C9C009203C8D89B008A03C8F09B008003C80C9C00770388FE9B00B203C838DB00AF03C8509B00B00388B65B00B403C8C49B00AC0388B69B00AF03C8AC9B00B103C8B89B00B702C8AC5D009602C8EC5D007E02C8409D007E02C8D89C008402C8AC9C008D02C84C9C009902C8049C00B002C804DB004B03C804DB00BB03C8C8DA00BA03C8809B009C03C8149C009802C81CDB00E302C8CC18011703C86C9C00D702C8789C00D302C8809C00AD02C8AC9C00AA02C83C5E007E02C8A85E006E02C8545F007202C8945F009502C88C1F809002C8B45E008B02C8209E009402C82C5E009F02C8F09D009F02C8BCDB007302C8D09D008402C8909D008F02C8909D008402C8905D007A2200009F2100082E06615100000000000000000000000000000000
1509997007387,E6660C17BC03C8D81C80B503C8E41C80A303C8E01C809703C8F81C808A03C8081D808903C8781C809D03C8081C809F03C8581C809903C8901C809103C8841C80A403C88C1C80B903C8601C80C903C8CC1C80BA03C8EC1C80B303C8AC1C80B803C8B01C80B803C81C5F807204C8381D803805C8641D809805C8CC1C809E05C8941D80CB05C8F81E804A06C8701D809906C8541C800307C8A01D803D07C8D81D808E08C8341A801509C80C1B800509C8F81A80FA07C8C81C80AA06C8145F803305C8505F80E604C8701E809104C82C1D801105C8385C00F104C84C5B009504C8D81A800204C8801C809B03C8901C800E08C8885F80DB06C85C2080EE05C8C06080CA05C8741F802F05C8546180A204C87062801004C8AC6280C903C8082180CF03C8C85F80FD0600001AFD000827068E5100000000000000000000000000000000
1509997651068,CA6107178303C84419807103C85C18807303C8A816808003C8A416809103C8F816809B03C8001680A503C8E016809F03C8581C809903C8901C809103C8841C80A403C88C1C80B903C8601C80BD03C83C1D80A903C8A81D80B903C8E01C809703C8241D80B803C81C5F807204C8381D803805C8641D809805C8CC1C809E05C8941D80CB05C8F81E804A06C8701D809906C8541C800307C8A01D803D07C8D81D808E08C8341A801509C80C1B800509C8F81A80FA07C8C81C80AA06C8145F803305C8505F80E604C8701E809104C82C1D801105C8385C00F104C84C5B009504C8D81A800204C8801C809B03C8901C800E08C8885F80DB06C85C2080EE05C8C06080CA05C8741F802F05C8546180A204C87062801004C8AC6280C903C8082180CF03C8C85F80080700001AFD000827068E5100000000000000000000000000000000
1510006778342,5A9C05092300C0D6E5002300C0D2E5002200C0D6E5002300C0D2E5002400C0CAE5002400C0E2E5002400C0DEE5002400C0DAE5002500C0DAE5002500C0DAE5002400C0DEE5002300C0DEE5002300C0DAE5002500C0DEE5002400C0DEE5002300C0DAE5000000C05225010000C032E5000000C04A25010000C08AE5000000C096E5000000C08625010000C08AE5000000C0D2E5000000C0DEE5000000C04A23010000C0B223010000C0F223010000C05624010000C09624010000C09224010000C00A24010000C01A24010000C05624010000C03A24010000C02A24010000C046E4000000C036E4000000C05224010000C07624010000C08AE4000000C082E4000000C0B2E4000000C0EEE4000000C0FAE4000000C0DEE4000000C0F624010000C03E2501065400001BA200082306365100000000000000000000000000000000
1510006939767,5A9C05092300C0D6E5002300C0D2E5002200C0D6E5002300C0D2E5002400C0CAE5002400C0E2E5002400C0DEE5002400C0DAE5002500C0DAE5002500C0DAE5002400C0DEE5002300C0DEE5002300C0DAE5002500C0DEE5002400C0DEE5002300C0DAE5000000C05225010000C032E5000000C04A25010000C08AE5000000C096E5000000C08625010000C08AE5000000C0D2E5000000C0DEE5000000C04A23010000C0B223010000C0F223010000C05624010000C09624010000C09224010000C00A24010000C01A24010000C05624010000C03A24010000C02A24010000C046E4000000C036E4000000C05224010000C07624010000C08AE4000000C082E4000000C0B2E4000000C0EEE4000000C0FAE4000000C0DEE4000000C0F624010000C03E2501065400001BA200082306365100000000000000000000000000000000
1510007090807,5A9C05092300C0D6E5002300C0D2E5002200C0D6E5002300C0D2E5002400C0CAE5002400C0E2E5002400C0DEE5002400C0DAE5002500C0DAE5002500C0DAE5002400C0DEE5002300C0DEE5002300C0DAE5002500C0DEE5002400C0DEE5002300C0DAE5000000C05225010000C032E5000000C04A25010000C08AE5000000C096E5000000C08625010000C08AE5000000C0D2E5000000C0DEE5000000C04A23010000C0B223010000C0F223010000C05624010000C09624010000C09224010000C00A24010000C01A24010000C05624010000C03A24010000C02A24010000C046E4000000C036E4000000C05224010000C07624010000C08AE4000000C082E4000000C0B2E4000000C0EEE4000000C0FAE4000000C0DEE4000000C0F624010000C03E2501065400001BA200082306365100000000000000000000000000000000
1510008219805,5A9C05092300C0D6E5002300C0D2E5002200C0D6E5002300C0D2E5002400C0CAE5002400C0E2E5002400C0DEE5002400C0DAE5002500C0DAE5002500C0DAE5002400C0DEE5002300C0DEE5002300C0DAE5002500C0DEE5002400C0DEE5002300C0DAE5000000C05225010000C032E5000000C04A25010000C08AE5000000C096E5000000C08625010000C08AE5000000C0D2E5000000C0DEE5000000C04A23010000C0B223010000C0F223010000C05624010000C09624010000C09224010000C00A24010000C01A24010000C05624010000C03A24010000C02A24010000C046E4000000C036E4000000C05224010000C07624010000C08AE4000000C082E4000000C0B2E4000000C0EEE4000000C0FAE4000000C0DEE4000000C0F624010000C03E2501065400001BA200082306365100000000000000000000000000000000
1510008536702,454E051AC302C8445E00C802C8585E00C902C8549E00C502C8285E00C702C83C5E00D702C86C5E00D402C8785E00D402C8845E00D002C87C5E00CE02C8785E00CA02C8605E00C702C82C9E00C202C8605E00C402C8445E00C602C8FC9D00C702C8485E00B702C8AC5D009602C8EC5D007E02C8409D007E02C8D89C008402C8AC9C008D02C84C9C009902C8049C00B002C804DB004B03C804DB00BB03C8C8DA00BA03C8809B009C03C8149C005703C8B09C003A03C8CC5D001E03C8AC9D00F102C8F05D00B602C8E05E00B502C8E85E00D302C8285F00FA02C8F05E004903C8845E007203C8D89D005D03C8249E004803C8C05E000903C8749E00D802C86C5E009F02C8F09D009F02C8BCDB007302C8D09D008402C8909D008F02C8909D008402C8905D00562300009F2100082E06615100000000000000000000000000000000
1510008602918,0975061AC302C8445E00C802C8585E00C902C8549E00C502C8285E00C702C83C5E00C702C8505E00D402C8785E00D402C8845E00D002C87C5E00CE02C8785E00CA02C8605E00C702C82C9E00C202C8605E00C402C8445E00C602C8FC9D00C702C8485E00B702C8AC5D009602C8EC5D007E02C8409D007E02C8D89C008402C8AC9C008D02C84C9C009902C8049C00B002C804DB004B03C804DB00BB03C8C8DA00BA03C8809B009C03C8149C005703C8B09C003A03C8CC5D001E03C8AC9D00F102C8F05D00B602C8E05E00B502C8E85E00D302C8285F00FA02C8F05E004903C8845E007203C8D89D005D03C8249E004803C8C05E000903C8749E00D802C86C5E009F02C8F09D009F02C8BCDB007302C8D09D008402C8909D008F02C8909D008402C8905D00572300009F2100082E06615100000000000000000000000000000000
1510008701196,7910081BC302C8445E00C802C8585E00C902C8549E00C502C8285E00C702C83C5E00C702C8505E00CB0288265E81CC02C8F09D00D002C87C5E00CE02C8785E00CA02C8605E00C702C82C9E00C202C8605E00C402C8445E00C602C8FC9D00C702C8485E00B702C8AC5D009602C8EC5D007E02C8409D007E02C8D89C008402C8AC9C008D02C84C9C009902C8049C00B002C804DB004B03C804DB00BB03C8C8DA00BA03C8809B009C03C8149C005703C8B09C003A03C8CC5D001E03C8AC9D00F102C8F05D00B602C8E05E00B502C8E85E00D302C8285F00FA02C8F05E004903C8845E007203C8D89D005D03C8249E004803C8C05E000903C8749E00D802C86C5E00C702C83C5E009F02C8BCDB007302C8D09D008402C8909D008F02C8909D008402C8905D00592300009F2100082E06615100000000000000000000000000000000
1510009024379,8F480D1BC302C8445E00C802C8585E00C902C8549E00C502C8285E00C702C83C5E00C702C8505E00CB0288265E81CC02C8F09D00CF02C81C9E00D002C8F89D00D402C8F49D00D502C8FC5D00D602C8D49D00C402C8445E00C602C8FC9D00C702C8485E00B702C8AC5D009602C8EC5D007E02C8409D007E02C8D89C008402C8AC9C008D02C84C9C009902C8049C00B002C804DB004B03C804DB00BB03C8C8DA00BA03C8809B009C03C8149C005703C8B09C003A03C8CC5D001E03C8AC9D00F102C8F05D00B602C8E05E00B502C8E85E00D302C8285F00FA02C8F05E004903C8845E007203C8D89D005D03C8249E004803C8C05E000903C8749E00D802C86C5E00C702C83C5E009F02C8BCDB007302C8D09D008402C8909D008F02C8909D008402C8905D005E2300009F2100082E06615100000000000000000000000000000000
1510009238252,284F011BDE02C8A49D00C802C8585E00C902C8549E00C502C8285E00C702C83C5E00C702C8505E00CB0288265E81CC02C8F09D00CF02C81C9E00D002C8F89D00D402C8F49D00D502C8FC5D00D602C8D49D00D60288025E00D802C8D09D00DE02C8DC5D00B702C8AC5D009602C8EC5D007E02C8409D007E02C8D89C008402C8AC9C008D02C84C9C009902C8049C00B002C804DB004B03C804DB00BB03C8C8DA00BA03C8809B009C03C8149C005703C8B09C003A03C8CC5D001E03C8AC9D00F102C8F05D00B602C8E05E00B502C8E85E00D302C8285F00FA02C8F05E004903C8845E007203C8D89D005D03C8249E004803C8C05E000903C8749E00D802C86C5E00C702C83C5E009F02C8BCDB007302C8D09D008402C8909D008F02C8909D008402C8905D00622300009F2100082E06615100000000000000000000000000000000
1510009392704,72B5041BDE02C8A49D00E102C8D09D00E502C8B89D00E602C8AC9D00C702C83C5E00C702C8505E00CB0288265E81CC02C8F09D00CF02C81C9E00D002C8F89D00D402C8F49D00D502C8FC5D00D602C8D49D00D60288025E00D802C8D09D00DE02C8DC5D00B702C8AC5D009602C8EC5D007E02C8409D007E02C8D89C008402C8AC9C008D02C84C9C009902C8049C00B002C804DB004B03C804DB00BB03C8C8DA00BA03C8809B009C03C8149C005703C8B09C003A03C8CC5D001E03C8AC9D00F102C8F05D00B602C8E05E00B502C8E85E00D302C8285F00FA02C8F05E004903C8845E007203C8D89D005D03C8249E004803C8C05E000903C8749E00D802C86C5E00C702C83C5E009F02C8BCDB007302C8D09D008402C8909D008F02C8909D008402C8905D00642300009F2100082E06615100000000000000000000000000000000
1510010007638,C1360E1CDE02C8A49D00E102C8D09D00E502C8B89D00E602C8AC9D00E402C8D45D00E402C8D85D00E202C8D85D00E102C8A85D00E002C8D05D00E102C8B05D00E202C8A45D00E502C8B85D00E602C8C09D00E802C8C89D00D802C8D09D00DE02C8DC5D00B702C8AC5D009602C8EC5D007E02C8409D007E02C8D89C008402C8AC9C008D02C84C9C009902C8049C00B002C804DB004B03C804DB00BB03C8C8DA00BA03C8809B009C03C8149C005703C8B09C003A03C8CC5D001E03C8AC9D00F102C8F05D00B602C8E05E00B502C8E85E00D302C8285F00FA02C8F05E004903C8845E007203C8D89D005D03C8249E004803C8C05E000903C8749E00D802C86C5E00C702C83C5E00E402C8AC9D007302C8D09D008402C8909D008F02C8909D008402C8905D006F2300009F2100082E06615100000000000000000000000000000000
1510010073563,34A80F1CDE02C8A49D00E102C8D09D00E502C8B89D00E602C8AC9D00E402C8D45D00E402C8D85D00E202C8D85D00E102C8A85D00E002C8D05D00E102C8B05D00E202C8A45D00E502C8B85D00E602C8C09D00E802C8C89D00F002C8E85D00DE02C8DC5D00B702C8AC5D009602C8EC5D007E02C8409D007E02C8D89C008402C8AC9C008D02C84C9C009902C8049C00B002C804DB004B03C804DB00BB03C8C8DA00BA03C8809B009C03C8149C005703C8B09C003A03C8CC5D001E03C8AC9D00F102C8F05D00B602C8E05E00B502C8E85E00D302C8285F00FA02C8F05E004903C8845E007203C8D89D005D03C8249E004803C8C05E000903C8749E00D802C86C5E00C702C83C5E00E402C8AC9D007302C8D09D008402C8909D008F02C8909D008402C8905D00702300009F2100082E06615100000000000000000000000000000000
1510010169936,7624011CF102C8B05D00E102C8D09D00E502C8B89D00E602C8AC9D00E402C8D45D00E402C8D85D00E202C8D85D00E102C8A85D00E002C8D05D00E102C8B05D00E202C8A45D00E502C8B85D00E602C8C09D00E802C8C89D00F002C8E85D00F302C8BC5D00B702C8AC5D009602C8EC5D007E02C8409D007E02C8D89C008402C8AC9C008D02C84C9C009902C8049C00B002C804DB004B03C804DB00BB03C8C8DA00BA03C8809B009C03C8149C005703C8B09C003A03C8CC5D001E03C8AC9D00F102C8F05D00B602C8E05E00B502C8E85E00D302C8285F00FA02C8F05E004903C8845E007203C8D89D005D03C8249E004803C8C05E000903C8749E00D802C86C5E00C702C83C5E00E402C8AC9D007302C8D09D008402C8909D008F02C8909D008402C8905D00712300009F2100082E06615100000000000000000000000000000000
1510010200780,D297011CF102C8B05D00E102C8D09D00E502C8B89D00E602C8AC9D00E402C8D45D00E402C8D85D00E202C8D85D00E102C8A85D00E002C8D05D00E102C8B05D00E202C8A45D00E502C8B85D00E602C8C09D00E802C8C89D00F002C8E85D00F302C8BC5D00B702C8AC5D009602C8EC5D007E02C8409D007E02C8D89C008402C8AC9C008D02C84C9C009902C8049C00B002C804DB004B03C804DB00BB03C8C8DA00BA03C8809B009C03C8149C005703C8B09C003A03C8CC5D001E03C8AC9D00F102C8F05D00B602C8E05E00B502C8E85E00D302C8285F00FA02C8F05E004903C8845E007203C8D89D005D03C8249E004803C8C05E000903C8749E00D802C86C5E00C702C83C5E00E402C8AC9D007302C8D09D008402C8909D008F02C8909D008402C8905D00722300009F2100082E06615100000000000000000000000000000000
1510010255217,0917021CF102C8B05D00F502C8C45D00E502C8B89D00E602C8AC9D00E402C8D45D00E402C8D85D00E202C8D85D00E102C8A85D00E002C8D05D00E102C8B05D00E202C8A45D00E502C8B85D00E602C8C09D00E802C8C89D00F002C8E85D00F302C8BC5D00B702C8AC5D009602C8EC5D007E02C8409D007E02C8D89C008402C8AC9C008D02C84C9C009902C8049C00B002C804DB004B03C804DB00BB03C8C8DA00BA03C8809B009C03C8149C005703C8B09C003A03C8CC5D001E03C8AC9D00F102C8F05D00B602C8E05E00B502C8E85E00D302C8285F00FA02C8F05E004903C8845E007203C8D89D005D03C8249E004803C8C05E000903C8749E00D802C86C5E00C702C83C5E00E402C8AC9D007302C8D09D008402C8909D008F02C8909D008402C8905D00732300009F2100082E06615100000000000000000000000000000000
1510010315048,73BD031CF102C8B05D00F502C8C45D00F102C8D05D00E602C8AC9D00E402C8D45D00E402C8D85D00E202C8D85D00E102C8A85D00E002C8D05D00E102C8B05D00E202C8A45D00E502C8B85D00E602C8C09D00E802C8C89D00F002C8E85D00F302C8BC5D00B702C8AC5D009602C8EC5D007E02C8409D007E02C8D89C008402C8AC9C008D02C84C9C009902C8049C00B002C804DB004B03C804DB00BB03C8C8DA00BA03C8809B009C03C8149C005703C8B09C003A03C8CC5D001E03C8AC9D00F102C8F05D00B602C8E05E00B502C8E85E00D302C8285F00FA02C8F05E004903C8845E007203C8D89D005D03C8249E004803C8C05E000903C8749E00D802C86C5E00C702C83C5E00E402C8AC9D007302C8D09D008402C8909D008F02C8909D008402C8905D00742300009F2100082E06615100000000000000000000000000000000
1510010376430,58D8041CF102C8B05D00F502C8C45D00F102C8D05D00F002C8C85D00E402C8D45D00E402C8D85D00E202C8D85D00E102C8A85D00E002C8D05D00E102C8B05D00E202C8A45D00E502C8B85D00E602C8C09D00E802C8C89D00F002C8E85D00F302C8BC5D00B702C8AC5D009602C8EC5D007E02C8409D007E02C8D89C008402C8AC9C008D02C84C9C009902C8049C00B002C804DB004B03C804DB00BB03C8C8DA00BA03C8809B009C03C8149C005703C8B09C003A03C8CC5D001E03C8AC9D00F102C8F05D00B602C8E05E00B502C8E85E00D302C8285F00FA02C8F05E004903C8845E007203C8D89D005D03C8249E004803C8C05E000903C8749E00D802C86C5E00C702C83C5E00E402C8AC9D007302C8D09D008402C8909D008F02C8909D008402C8905D00752300009F2100082E06615100000000000000000000000000000000
